{
"type": "FeatureCollection",
"name": "new_plots",
"crs": { "type": "name", "properties": { "name": "urn:ogc:def:crs:OGC:1.3:CRS84" } },
"features": [
{ "type": "Feature", "properties": { "fid": 1, "lot_no": null, "plot_no": null, "status": null, "full_name": null, "birth_date": null, "death_date": null, "plot_id": "1-4", "obituary": null, "maiden_name": null }, "geometry": { "type": "Polygon", "coordinates": [ [ [ -91.293507018590603, 36.989434791362719 ], [ -91.293507396929598, 36.98942106326276 ], [ -91.293541623970583, 36.989421670231437 ], [ -91.293541245637741, 36.989435398331629 ], [ -91.293507018590603, 36.989434791362719 ] ] ] } },
{ "type": "Feature", "properties": { "fid": 2, "lot_no": null, "plot_no": null, "status": null, "full_name": null, "birth_date": null, "death_date": null, "plot_id": "1-5", "obituary": null, "maiden_name": null }, "geometry": { "type": "Polygon", "coordinates": [ [ [ -91.293508531945335, 36.989379878962659 ], [ -91.293508153606965, 36.989393607062723 ], [ -91.293473926579082, 36.989393000084611 ], [ -91.293474304923606, 36.989379271984767 ], [ -91.293508531945335, 36.989379878962659 ] ] ] } },
{ "type": "Feature", "properties": { "fid": 3, "lot_no": null, "plot_no": null, "status": null, "full_name": null, "birth_date": null, "death_date": null, "plot_id": "1-6", "obituary": null, "maiden_name": null }, "geometry": { "type": "Polygon", "coordinates": [ [ [ -91.293508153606965, 36.989393607062723 ], [ -91.293507775268381, 36.989407335162745 ], [ -91.29347354823436, 36.989406728184441 ], [ -91.293473926579082, 36.989393000084611 ], [ -91.293508153606965, 36.989393607062723 ] ] ] } },
{ "type": "Feature", "properties": { "fid": 4, "lot_no": null, "plot_no": null, "status": null, "full_name": null, "birth_date": null, "death_date": null, "plot_id": "1-7", "obituary": null, "maiden_name": null }, "geometry": { "type": "Polygon", "coordinates": [ [ [ -91.293507775268381, 36.989407335162745 ], [ -91.293507396929598, 36.98942106326276 ], [ -91.293473169889424, 36.989420456284222 ], [ -91.29347354823436, 36.989406728184441 ], [ -91.293507775268381, 36.989407335162745 ] ] ] } },
{ "type": "Feature", "properties": { "fid": 5, "lot_no": null, "plot_no": null, "status": null, "full_name": null, "birth_date": null, "death_date": null, "plot_id": "1-8", "obituary": null, "maiden_name": null }, "geometry": { "type": "Polygon", "coordinates": [ [ [ -91.293507396929598, 36.98942106326276 ], [ -91.293507018590603, 36.989434791362719 ], [ -91.293472791544289, 36.98943418438396 ], [ -91.293473169889424, 36.989420456284222 ], [ -91.293507396929598, 36.98942106326276 ] ] ] } },
{ "type": "Feature", "properties": { "fid": 6, "lot_no": null, "plot_no": null, "status": null, "full_name": "Weaver, Jerry", "birth_date": "8/20/1933", "death_date": "5/31/2003", "plot_id": "1-1", "obituary": "", "maiden_name": null }, "geometry": { "type": "Polygon", "coordinates": [ [ [ -91.293508153606965, 36.989393607062723 ], [ -91.293508531945335, 36.989379878962659 ], [ -91.293542758967874, 36.989380485930674 ], [ -91.293542380635643, 36.989394214030973 ], [ -91.293508153606965, 36.989393607062723 ] ] ] } },
{ "type": "Feature", "properties": { "fid": 7, "lot_no": null, "plot_no": null, "status": null, "full_name": "Weaver, Anna 'Leveta'", "birth_date": "2/17/1936", "death_date": "8/24/2021", "plot_id": "1-2", "obituary": null, "maiden_name": "Harland" }, "geometry": { "type": "Polygon", "coordinates": [ [ [ -91.293507775268381, 36.989407335162745 ], [ -91.293508153606965, 36.989393607062723 ], [ -91.293542380635643, 36.989394214030973 ], [ -91.293542002303226, 36.98940794213123 ], [ -91.293507775268381, 36.989407335162745 ] ] ] } },
{ "type": "Feature", "properties": { "fid": 8, "lot_no": null, "plot_no": null, "status": null, "full_name": "Weaver, Richard Earl", "birth_date": "10/31/1963", "death_date": "10/31/1963", "plot_id": "1-3", "obituary": null, "maiden_name": null }, "geometry": { "type": "Polygon", "coordinates": [ [ [ -91.293507396929598, 36.98942106326276 ], [ -91.293507775268381, 36.989407335162745 ], [ -91.293542002303226, 36.98940794213123 ], [ -91.293541623970583, 36.989421670231437 ], [ -91.293507396929598, 36.98942106326276 ] ] ] } },
{ "type": "Feature", "properties": { "fid": 9, "lot_no": null, "plot_no": null, "status": null, "full_name": null, "birth_date": null, "death_date": null, "plot_id": "2-4", "obituary": null, "maiden_name": null }, "geometry": { "type": "Polygon", "coordinates": [ [ [ -91.293505097355307, 36.989495186590119 ], [ -91.293505475695241, 36.98948145849031 ], [ -91.293539702763269, 36.989482065460024 ], [ -91.293539324429474, 36.989495793560053 ], [ -91.293505097355307, 36.989495186590119 ] ] ] } },
{ "type": "Feature", "properties": { "fid": 10, "lot_no": null, "plot_no": null, "status": null, "full_name": null, "birth_date": null, "death_date": null, "plot_id": "2-5", "obituary": null, "maiden_name": null }, "geometry": { "type": "Polygon", "coordinates": [ [ [ -91.293506610713834, 36.989440274190656 ], [ -91.293506232374511, 36.989454002290579 ], [ -91.2934720053196, 36.989453395311429 ], [ -91.293472383665062, 36.989439667211741 ], [ -91.293506610713834, 36.989440274190656 ] ] ] } },
{ "type": "Feature", "properties": { "fid": 11, "lot_no": null, "plot_no": null, "status": null, "full_name": null, "birth_date": null, "death_date": null, "plot_id": "2-6", "obituary": null, "maiden_name": null }, "geometry": { "type": "Polygon", "coordinates": [ [ [ -91.293506232374511, 36.989454002290579 ], [ -91.293505854034976, 36.989467730390452 ], [ -91.293471626973925, 36.989467123411103 ], [ -91.2934720053196, 36.989453395311429 ], [ -91.293506232374511, 36.989454002290579 ] ] ] } },
{ "type": "Feature", "properties": { "fid": 12, "lot_no": null, "plot_no": null, "status": null, "full_name": null, "birth_date": null, "death_date": null, "plot_id": "2-7", "obituary": null, "maiden_name": null }, "geometry": { "type": "Polygon", "coordinates": [ [ [ -91.293505854034976, 36.989467730390452 ], [ -91.293505475695241, 36.98948145849031 ], [ -91.293471248628038, 36.98948085151072 ], [ -91.293471626973925, 36.989467123411103 ], [ -91.293505854034976, 36.989467730390452 ] ] ] } },
{ "type": "Feature", "properties": { "fid": 13, "lot_no": null, "plot_no": null, "status": null, "full_name": null, "birth_date": null, "death_date": null, "plot_id": "2-8", "obituary": null, "maiden_name": null }, "geometry": { "type": "Polygon", "coordinates": [ [ [ -91.293505475695241, 36.98948145849031 ], [ -91.293505097355307, 36.989495186590119 ], [ -91.293470870281965, 36.989494579610309 ], [ -91.293471248628038, 36.98948085151072 ], [ -91.293505475695241, 36.98948145849031 ] ] ] } },
{ "type": "Feature", "properties": { "fid": 14, "lot_no": null, "plot_no": null, "status": null, "full_name": null, "birth_date": null, "death_date": null, "plot_id": "2-1", "obituary": null, "maiden_name": null }, "geometry": { "type": "Polygon", "coordinates": [ [ [ -91.293506232374511, 36.989454002290579 ], [ -91.293506610713834, 36.989440274190656 ], [ -91.293540837763416, 36.989440881159716 ], [ -91.293540459430233, 36.989454609259859 ], [ -91.293506232374511, 36.989454002290579 ] ] ] } },
{ "type": "Feature", "properties": { "fid": 15, "lot_no": null, "plot_no": null, "status": null, "full_name": null, "birth_date": null, "death_date": null, "plot_id": "2-2", "obituary": null, "maiden_name": null }, "geometry": { "type": "Polygon", "coordinates": [ [ [ -91.293505854034976, 36.989467730390452 ], [ -91.293506232374511, 36.989454002290579 ], [ -91.293540459430233, 36.989454609259859 ], [ -91.29354008109685, 36.989468337359959 ], [ -91.293505854034976, 36.989467730390452 ] ] ] } },
{ "type": "Feature", "properties": { "fid": 16, "lot_no": null, "plot_no": null, "status": null, "full_name": null, "birth_date": null, "death_date": null, "plot_id": "2-3", "obituary": null, "maiden_name": null }, "geometry": { "type": "Polygon", "coordinates": [ [ [ -91.293505475695241, 36.98948145849031 ], [ -91.293505854034976, 36.989467730390452 ], [ -91.29354008109685, 36.989468337359959 ], [ -91.293539702763269, 36.989482065460024 ], [ -91.293505475695241, 36.98948145849031 ] ] ] } },
{ "type": "Feature", "properties": { "fid": 17, "lot_no": null, "plot_no": null, "status": null, "full_name": "Prewett, Bessie", "birth_date": "3/  /1898", "death_date": "4/29/1973", "plot_id": "3-4", "obituary": null, "maiden_name": "Stout" }, "geometry": { "type": "Polygon", "coordinates": [ [ [ -91.293503212290318, 36.989555583471443 ], [ -91.29350359063119, 36.989541855371797 ], [ -91.293537817726261, 36.989542462342534 ], [ -91.293537439391528, 36.989556190442421 ], [ -91.293503212290318, 36.989555583471443 ] ] ] } },
{ "type": "Feature", "properties": { "fid": 18, "lot_no": null, "plot_no": null, "status": null, "full_name": null, "birth_date": null, "death_date": null, "plot_id": "3-5", "obituary": null, "maiden_name": null }, "geometry": { "type": "Polygon", "coordinates": [ [ [ -91.29350472565261, 36.989500671072612 ], [ -91.29350434731235, 36.989514399172371 ], [ -91.293470120230396, 36.989513792192199 ], [ -91.293470498576809, 36.989500064092667 ], [ -91.29350472565261, 36.989500671072612 ] ] ] } },
{ "type": "Feature", "properties": { "fid": 19, "lot_no": null, "plot_no": null, "status": null, "full_name": null, "birth_date": null, "death_date": null, "plot_id": "3-6", "obituary": null, "maiden_name": null }, "geometry": { "type": "Polygon", "coordinates": [ [ [ -91.29350434731235, 36.989514399172371 ], [ -91.293503968971876, 36.989528127272095 ], [ -91.293469741883783, 36.989527520291702 ], [ -91.293470120230396, 36.989513792192199 ], [ -91.29350434731235, 36.989514399172371 ] ] ] } },
{ "type": "Feature", "properties": { "fid": 20, "lot_no": null, "plot_no": null, "status": null, "full_name": null, "birth_date": null, "death_date": null, "plot_id": "3-7", "obituary": null, "maiden_name": null }, "geometry": { "type": "Polygon", "coordinates": [ [ [ -91.293503968971876, 36.989528127272095 ], [ -91.29350359063119, 36.989541855371797 ], [ -91.293469363536957, 36.989541248391177 ], [ -91.293469741883783, 36.989527520291702 ], [ -91.293503968971876, 36.989528127272095 ] ] ] } },
{ "type": "Feature", "properties": { "fid": 21, "lot_no": null, "plot_no": null, "status": null, "full_name": null, "birth_date": null, "death_date": null, "plot_id": "3-8", "obituary": null, "maiden_name": null }, "geometry": { "type": "Polygon", "coordinates": [ [ [ -91.29350359063119, 36.989541855371797 ], [ -91.293503212290318, 36.989555583471443 ], [ -91.293468985189932, 36.989554976490616 ], [ -91.293469363536957, 36.989541248391177 ], [ -91.29350359063119, 36.989541855371797 ] ] ] } },
{ "type": "Feature", "properties": { "fid": 22, "lot_no": null, "plot_no": null, "status": null, "full_name": "Prewett, Hannah Arminta", "birth_date": "11/11/1876", "death_date": "10/3/1957", "plot_id": "3-1", "obituary": null, "maiden_name": "Leek" }, "geometry": { "type": "Polygon", "coordinates": [ [ [ -91.29350434731235, 36.989514399172371 ], [ -91.29350472565261, 36.989500671072612 ], [ -91.293538952729236, 36.989501278042695 ], [ -91.293538574395129, 36.989515006142682 ], [ -91.29350434731235, 36.989514399172371 ] ] ] } },
{ "type": "Feature", "properties": { "fid": 23, "lot_no": null, "plot_no": null, "status": null, "full_name": null, "birth_date": null, "death_date": null, "plot_id": "3-2", "obituary": null, "maiden_name": null }, "geometry": { "type": "Polygon", "coordinates": [ [ [ -91.293503968971876, 36.989528127272095 ], [ -91.29350434731235, 36.989514399172371 ], [ -91.293538574395129, 36.989515006142682 ], [ -91.293538196060794, 36.989528734242626 ], [ -91.293503968971876, 36.989528127272095 ] ] ] } },
{ "type": "Feature", "properties": { "fid": 24, "lot_no": null, "plot_no": null, "status": null, "full_name": "Prewett, Garrett Howard", "birth_date": "1/5/1898", "death_date": "4/14/1964", "plot_id": "3-3", "obituary": null, "maiden_name": null }, "geometry": { "type": "Polygon", "coordinates": [ [ [ -91.29350359063119, 36.989541855371797 ], [ -91.293503968971876, 36.989528127272095 ], [ -91.293538196060794, 36.989528734242626 ], [ -91.293537817726261, 36.989542462342534 ], [ -91.29350359063119, 36.989541855371797 ] ] ] } },
{ "type": "Feature", "properties": { "fid": 25, "lot_no": null, "plot_no": null, "status": null, "full_name": null, "birth_date": null, "death_date": null, "plot_id": null, "obituary": null, "maiden_name": null }, "geometry": { "type": "Polygon", "coordinates": [ [ [ -91.293501745753645, 36.989615988322733 ], [ -91.293502124095397, 36.989602260223215 ], [ -91.293536351217497, 36.989602867194883 ], [ -91.293535972881912, 36.989616595294592 ], [ -91.293501745753645, 36.989615988322733 ] ] ] } },
{ "type": "Feature", "properties": { "fid": 26, "lot_no": null, "plot_no": null, "status": null, "full_name": null, "birth_date": null, "death_date": null, "plot_id": null, "obituary": null, "maiden_name": null }, "geometry": { "type": "Polygon", "coordinates": [ [ [ -91.293503259119404, 36.989561075924499 ], [ -91.293502880778277, 36.989574804024109 ], [ -91.293468653669265, 36.989574197043034 ], [ -91.29346903201656, 36.989560468943637 ], [ -91.293503259119404, 36.989561075924499 ] ] ] } },
{ "type": "Feature", "properties": { "fid": 27, "lot_no": null, "plot_no": null, "status": null, "full_name": null, "birth_date": null, "death_date": null, "plot_id": null, "obituary": null, "maiden_name": null }, "geometry": { "type": "Polygon", "coordinates": [ [ [ -91.293502880778277, 36.989574804024109 ], [ -91.293502502436922, 36.989588532123683 ], [ -91.2934682753218, 36.989587925142388 ], [ -91.293468653669265, 36.989574197043034 ], [ -91.293502880778277, 36.989574804024109 ] ] ] } },
{ "type": "Feature", "properties": { "fid": 28, "lot_no": null, "plot_no": null, "status": null, "full_name": null, "birth_date": null, "death_date": null, "plot_id": null, "obituary": null, "maiden_name": null }, "geometry": { "type": "Polygon", "coordinates": [ [ [ -91.293502502436922, 36.989588532123683 ], [ -91.293502124095397, 36.989602260223215 ], [ -91.293467896974107, 36.989601653241706 ], [ -91.2934682753218, 36.989587925142388 ], [ -91.293502502436922, 36.989588532123683 ] ] ] } },
{ "type": "Feature", "properties": { "fid": 29, "lot_no": null, "plot_no": null, "status": null, "full_name": null, "birth_date": null, "death_date": null, "plot_id": null, "obituary": null, "maiden_name": null }, "geometry": { "type": "Polygon", "coordinates": [ [ [ -91.293502124095397, 36.989602260223215 ], [ -91.293501745753645, 36.989615988322733 ], [ -91.293467518626215, 36.989615381340997 ], [ -91.293467896974107, 36.989601653241706 ], [ -91.293502124095397, 36.989602260223215 ] ] ] } },
{ "type": "Feature", "properties": { "fid": 30, "lot_no": null, "plot_no": null, "status": null, "full_name": null, "birth_date": null, "death_date": null, "plot_id": null, "obituary": null, "maiden_name": null }, "geometry": { "type": "Polygon", "coordinates": [ [ [ -91.293502880778277, 36.989574804024109 ], [ -91.293503259119404, 36.989561075924499 ], [ -91.293537486223073, 36.989561682895491 ], [ -91.293537107888085, 36.989575410995322 ], [ -91.293502880778277, 36.989574804024109 ] ] ] } },
{ "type": "Feature", "properties": { "fid": 31, "lot_no": null, "plot_no": null, "status": null, "full_name": null, "birth_date": null, "death_date": null, "plot_id": null, "obituary": null, "maiden_name": null }, "geometry": { "type": "Polygon", "coordinates": [ [ [ -91.293502502436922, 36.989588532123683 ], [ -91.293502880778277, 36.989574804024109 ], [ -91.293537107888085, 36.989575410995322 ], [ -91.293536729552898, 36.989589139095116 ], [ -91.293502502436922, 36.989588532123683 ] ] ] } },
{ "type": "Feature", "properties": { "fid": 32, "lot_no": null, "plot_no": null, "status": null, "full_name": null, "birth_date": null, "death_date": null, "plot_id": null, "obituary": null, "maiden_name": null }, "geometry": { "type": "Polygon", "coordinates": [ [ [ -91.293502124095397, 36.989602260223215 ], [ -91.293502502436922, 36.989588532123683 ], [ -91.293536729552898, 36.989589139095116 ], [ -91.293536351217497, 36.989602867194883 ], [ -91.293502124095397, 36.989602260223215 ] ] ] } },
{ "type": "Feature", "properties": { "fid": 33, "lot_no": null, "plot_no": null, "status": null, "full_name": null, "birth_date": null, "death_date": null, "plot_id": null, "obituary": null, "maiden_name": null }, "geometry": { "type": "Polygon", "coordinates": [ [ [ -91.293584130293198, 36.989375776861124 ], [ -91.293584508617741, 36.989362048760512 ], [ -91.293618735633501, 36.989362655706501 ], [ -91.293618357315111, 36.989376383807311 ], [ -91.293584130293198, 36.989375776861124 ] ] ] } },
{ "type": "Feature", "properties": { "fid": 34, "lot_no": null, "plot_no": null, "status": null, "full_name": null, "birth_date": null, "death_date": null, "plot_id": null, "obituary": null, "maiden_name": null }, "geometry": { "type": "Polygon", "coordinates": [ [ [ -91.293585643590134, 36.989320864458499 ], [ -91.293585265266202, 36.98933459255921 ], [ -91.293551038263544, 36.9893339856038 ], [ -91.293551416593615, 36.989320257503316 ], [ -91.293585643590134, 36.989320864458499 ] ] ] } },
{ "type": "Feature", "properties": { "fid": 35, "lot_no": null, "plot_no": null, "status": null, "full_name": null, "birth_date": null, "death_date": null, "plot_id": null, "obituary": null, "maiden_name": null }, "geometry": { "type": "Polygon", "coordinates": [ [ [ -91.293585265266202, 36.98933459255921 ], [ -91.293584886942071, 36.989348320659893 ], [ -91.29355065993326, 36.989347713704262 ], [ -91.293551038263544, 36.9893339856038 ], [ -91.293585265266202, 36.98933459255921 ] ] ] } },
{ "type": "Feature", "properties": { "fid": 36, "lot_no": null, "plot_no": null, "status": null, "full_name": null, "birth_date": null, "death_date": null, "plot_id": null, "obituary": null, "maiden_name": null }, "geometry": { "type": "Polygon", "coordinates": [ [ [ -91.293584886942071, 36.989348320659893 ], [ -91.293584508617741, 36.989362048760512 ], [ -91.293550281602791, 36.989361441804675 ], [ -91.29355065993326, 36.989347713704262 ], [ -91.293584886942071, 36.989348320659893 ] ] ] } },
{ "type": "Feature", "properties": { "fid": 37, "lot_no": null, "plot_no": null, "status": null, "full_name": null, "birth_date": null, "death_date": null, "plot_id": null, "obituary": null, "maiden_name": null }, "geometry": { "type": "Polygon", "coordinates": [ [ [ -91.293584508617741, 36.989362048760512 ], [ -91.293584130293198, 36.989375776861124 ], [ -91.293549903272108, 36.98937516990506 ], [ -91.293550281602791, 36.989361441804675 ], [ -91.293584508617741, 36.989362048760512 ] ] ] } },
{ "type": "Feature", "properties": { "fid": 38, "lot_no": null, "plot_no": null, "status": null, "full_name": null, "birth_date": null, "death_date": null, "plot_id": null, "obituary": null, "maiden_name": null }, "geometry": { "type": "Polygon", "coordinates": [ [ [ -91.293585265266202, 36.98933459255921 ], [ -91.293585643590134, 36.989320864458499 ], [ -91.293619870587449, 36.989321471403834 ], [ -91.293619492269684, 36.989335199504751 ], [ -91.293585265266202, 36.98933459255921 ] ] ] } },
{ "type": "Feature", "properties": { "fid": 39, "lot_no": null, "plot_no": null, "status": null, "full_name": null, "birth_date": null, "death_date": null, "plot_id": null, "obituary": null, "maiden_name": null }, "geometry": { "type": "Polygon", "coordinates": [ [ [ -91.293584886942071, 36.989348320659893 ], [ -91.293585265266202, 36.98933459255921 ], [ -91.293619492269684, 36.989335199504751 ], [ -91.293619113951692, 36.989348927605633 ], [ -91.293584886942071, 36.989348320659893 ] ] ] } },
{ "type": "Feature", "properties": { "fid": 40, "lot_no": null, "plot_no": null, "status": null, "full_name": null, "birth_date": null, "death_date": null, "plot_id": null, "obituary": null, "maiden_name": null }, "geometry": { "type": "Polygon", "coordinates": [ [ [ -91.293584508617741, 36.989362048760512 ], [ -91.293584886942071, 36.989348320659893 ], [ -91.293619113951692, 36.989348927605633 ], [ -91.293618735633501, 36.989362655706501 ], [ -91.293584508617741, 36.989362048760512 ] ] ] } },
{ "type": "Feature", "properties": { "fid": 41, "lot_no": null, "plot_no": null, "status": null, "full_name": null, "birth_date": null, "death_date": null, "plot_id": "6-4", "obituary": null, "maiden_name": null }, "geometry": { "type": "Polygon", "coordinates": [ [ [ -91.29358231643856, 36.989436176550988 ], [ -91.293582694764027, 36.989422448450554 ], [ -91.293616921806844, 36.989423055397523 ], [ -91.293616543487516, 36.989436783498206 ], [ -91.29358231643856, 36.989436176550988 ] ] ] } },
{ "type": "Feature", "properties": { "fid": 42, "lot_no": null, "plot_no": null, "status": null, "full_name": "Cain, Barbara 'Diane'", "birth_date": "2/1/1960", "death_date": "3/14/2019", "plot_id": "6-5", "obituary": null, "maiden_name": null }, "geometry": { "type": "Polygon", "coordinates": [ [ [ -91.293583829739205, 36.989381264148996 ], [ -91.293583451414349, 36.989394992249544 ], [ -91.293549224384648, 36.989394385293132 ], [ -91.293549602715643, 36.989380657192811 ], [ -91.293583829739205, 36.989381264148996 ] ] ] } },
{ "type": "Feature", "properties": { "fid": 43, "lot_no": null, "plot_no": null, "status": null, "full_name": "Iler, Kenneth Neal", "birth_date": "8/29/1937", "death_date": "8/24/1992", "plot_id": "6-6", "obituary": null, "maiden_name": null }, "geometry": { "type": "Polygon", "coordinates": [ [ [ -91.293583451414349, 36.989394992249544 ], [ -91.293583073089295, 36.989408720350056 ], [ -91.29354884605344, 36.989408113393431 ], [ -91.293549224384648, 36.989394385293132 ], [ -91.293583451414349, 36.989394992249544 ] ] ] } },
{ "type": "Feature", "properties": { "fid": 44, "lot_no": null, "plot_no": null, "status": null, "full_name": "Iler, Evelyn Christina 'Chris'", "birth_date": "11/25/1940", "death_date": "5/27/2019", "plot_id": "6-7", "obituary": null, "maiden_name": "Lay" }, "geometry": { "type": "Polygon", "coordinates": [ [ [ -91.293583073089295, 36.989408720350056 ], [ -91.293582694764027, 36.989422448450554 ], [ -91.293548467722033, 36.989421841493701 ], [ -91.29354884605344, 36.989408113393431 ], [ -91.293583073089295, 36.989408720350056 ] ] ] } },
{ "type": "Feature", "properties": { "fid": 45, "lot_no": null, "plot_no": null, "status": null, "full_name": "Eveland, Terry", "birth_date": null, "death_date": null, "plot_id": "6-8", "obituary": null, "maiden_name": null }, "geometry": { "type": "Polygon", "coordinates": [ [ [ -91.293582694764027, 36.989422448450554 ], [ -91.29358231643856, 36.989436176550988 ], [ -91.293548089390413, 36.989435569593923 ], [ -91.293548467722033, 36.989421841493701 ], [ -91.293582694764027, 36.989422448450554 ] ] ] } },
{ "type": "Feature", "properties": { "fid": 46, "lot_no": null, "plot_no": null, "status": null, "full_name": "Jones, Rickey Lee", "birth_date": "7/18/1969", "death_date": "4/24/2001", "plot_id": "6-1", "obituary": null, "maiden_name": null }, "geometry": { "type": "Polygon", "coordinates": [ [ [ -91.293583451414349, 36.989394992249544 ], [ -91.293583829739205, 36.989381264148996 ], [ -91.293618056763577, 36.989381871095318 ], [ -91.293617678444861, 36.989395599196094 ], [ -91.293583451414349, 36.989394992249544 ] ] ] } },
{ "type": "Feature", "properties": { "fid": 47, "lot_no": null, "plot_no": null, "status": null, "full_name": "Lay, Bernice M", "birth_date": "11/11/1915", "death_date": "7/31/1999", "plot_id": "6-2", "obituary": null, "maiden_name": "Brawley" }, "geometry": { "type": "Polygon", "coordinates": [ [ [ -91.293583073089295, 36.989408720350056 ], [ -91.293583451414349, 36.989394992249544 ], [ -91.293617678444861, 36.989395599196094 ], [ -91.293617300125959, 36.989409327296833 ], [ -91.293583073089295, 36.989408720350056 ] ] ] } },
{ "type": "Feature", "properties": { "fid": 48, "lot_no": null, "plot_no": null, "status": null, "full_name": "Lay, Loyd Marvin", "birth_date": "1/20/1910", "death_date": "5/20/1961", "plot_id": "6-3", "obituary": null, "maiden_name": null }, "geometry": { "type": "Polygon", "coordinates": [ [ [ -91.293582694764027, 36.989422448450554 ], [ -91.293583073089295, 36.989408720350056 ], [ -91.293617300125959, 36.989409327296833 ], [ -91.293616921806844, 36.989423055397523 ], [ -91.293582694764027, 36.989422448450554 ] ] ] } },
{ "type": "Feature", "properties": { "fid": 49, "lot_no": null, "plot_no": null, "status": null, "full_name": "Wolfe, James Iven", "birth_date": "7/4/1898", "death_date": "1/22/1983", "plot_id": "7-4", "obituary": null, "maiden_name": null }, "geometry": { "type": "Polygon", "coordinates": [ [ [ -91.293580395262737, 36.989496571780663 ], [ -91.293580773589142, 36.989482843680371 ], [ -91.293615000658988, 36.989483450628391 ], [ -91.293614622338723, 36.989497178728911 ], [ -91.293580395262737, 36.989496571780663 ] ] ] } },
{ "type": "Feature", "properties": { "fid": 50, "lot_no": null, "plot_no": null, "status": null, "full_name": null, "birth_date": null, "death_date": null, "plot_id": "7-5", "obituary": null, "maiden_name": null }, "geometry": { "type": "Polygon", "coordinates": [ [ [ -91.293581908567162, 36.989441659379274 ], [ -91.293581530241369, 36.98945538747968 ], [ -91.293547303184624, 36.989454780522223 ], [ -91.293547681516571, 36.989441052422052 ], [ -91.293581908567162, 36.989441659379274 ] ] ] } },
{ "type": "Feature", "properties": { "fid": 51, "lot_no": null, "plot_no": null, "status": null, "full_name": null, "birth_date": null, "death_date": null, "plot_id": "7-6", "obituary": null, "maiden_name": null }, "geometry": { "type": "Polygon", "coordinates": [ [ [ -91.293581530241369, 36.98945538747968 ], [ -91.293581151915362, 36.989469115580043 ], [ -91.293546924852478, 36.989468508622366 ], [ -91.293547303184624, 36.989454780522223 ], [ -91.293581530241369, 36.98945538747968 ] ] ] } },
{ "type": "Feature", "properties": { "fid": 52, "lot_no": null, "plot_no": null, "status": null, "full_name": null, "birth_date": null, "death_date": null, "plot_id": "7-7", "obituary": null, "maiden_name": null }, "geometry": { "type": "Polygon", "coordinates": [ [ [ -91.293581151915362, 36.989469115580043 ], [ -91.293580773589142, 36.989482843680371 ], [ -91.293546546520119, 36.989482236722488 ], [ -91.293546924852478, 36.989468508622366 ], [ -91.293581151915362, 36.989469115580043 ] ] ] } },
{ "type": "Feature", "properties": { "fid": 53, "lot_no": null, "plot_no": null, "status": null, "full_name": null, "birth_date": null, "death_date": null, "plot_id": "7-8", "obituary": null, "maiden_name": null }, "geometry": { "type": "Polygon", "coordinates": [ [ [ -91.293580773589142, 36.989482843680371 ], [ -91.293580395262737, 36.989496571780663 ], [ -91.293546168187547, 36.989495964822552 ], [ -91.293546546520119, 36.989482236722488 ], [ -91.293580773589142, 36.989482843680371 ] ] ] } },
{ "type": "Feature", "properties": { "fid": 54, "lot_no": null, "plot_no": null, "status": null, "full_name": "Frazier, Lelia A", "birth_date": "1902", "death_date": "1960", "plot_id": "7-1", "obituary": null, "maiden_name": "Patrick" }, "geometry": { "type": "Polygon", "coordinates": [ [ [ -91.293581530241369, 36.98945538747968 ], [ -91.293581908567162, 36.989441659379274 ], [ -91.293616135618578, 36.989442266326648 ], [ -91.293615757298923, 36.98945599442726 ], [ -91.293581530241369, 36.98945538747968 ] ] ] } },
{ "type": "Feature", "properties": { "fid": 55, "lot_no": null, "plot_no": null, "status": null, "full_name": "Frazier, Lod D", "birth_date": "9/8/1901", "death_date": "6/28/1969", "plot_id": "7-2", "obituary": null, "maiden_name": null }, "geometry": { "type": "Polygon", "coordinates": [ [ [ -91.293581151915362, 36.989469115580043 ], [ -91.293581530241369, 36.98945538747968 ], [ -91.293615757298923, 36.98945599442726 ], [ -91.293615378979055, 36.989469722527851 ], [ -91.293581151915362, 36.989469115580043 ] ] ] } },
{ "type": "Feature", "properties": { "fid": 56, "lot_no": null, "plot_no": null, "status": null, "full_name": "Wolfe, Maybelle", "birth_date": "5/1/1906", "death_date": "12/27/1990", "plot_id": "7-3", "obituary": null, "maiden_name": "Frazier" }, "geometry": { "type": "Polygon", "coordinates": [ [ [ -91.293580773589142, 36.989482843680371 ], [ -91.293581151915362, 36.989469115580043 ], [ -91.293615378979055, 36.989469722527851 ], [ -91.293615000658988, 36.989483450628391 ], [ -91.293580773589142, 36.989482843680371 ] ] ] } },
{ "type": "Feature", "properties": { "fid": 57, "lot_no": null, "plot_no": null, "status": null, "full_name": "Two Babies", "birth_date": "", "death_date": "", "plot_id": "8-4", "obituary": null, "maiden_name": "" }, "geometry": { "type": "Polygon", "coordinates": [ [ [ -91.293578510257234, 36.989556968664253 ], [ -91.293578888584577, 36.98954324056411 ], [ -91.293613115681467, 36.989543847513161 ], [ -91.293612737360263, 36.989557575613524 ], [ -91.293578510257234, 36.989556968664253 ] ] ] } },
{ "type": "Feature", "properties": { "fid": 58, "lot_no": null, "plot_no": null, "status": null, "full_name": "Nickles, Nellie Pearl", "birth_date": "9/1/1894", "death_date": "3/5/1973", "plot_id": "8-5", "obituary": null, "maiden_name": "Strain" }, "geometry": { "type": "Polygon", "coordinates": [ [ [ -91.293580023565426, 36.989502056263497 ], [ -91.293579645238694, 36.989515784363732 ], [ -91.29354541815492, 36.989515177405259 ], [ -91.293545796487805, 36.98950144930523 ], [ -91.293580023565426, 36.989502056263497 ] ] ] } },
{ "type": "Feature", "properties": { "fid": 59, "lot_no": null, "plot_no": null, "status": null, "full_name": "Nickles, Joseph Samuel Wiley", "birth_date": "3/25/1892", "death_date": "11/14/1978", "plot_id": "8-6", "obituary": null, "maiden_name": null }, "geometry": { "type": "Polygon", "coordinates": [ [ [ -91.293579645238694, 36.989515784363732 ], [ -91.293579266911735, 36.989529512463939 ], [ -91.293545039821822, 36.989528905505239 ], [ -91.29354541815492, 36.989515177405259 ], [ -91.293579645238694, 36.989515784363732 ] ] ] } },
{ "type": "Feature", "properties": { "fid": 60, "lot_no": null, "plot_no": null, "status": null, "full_name": "Weaver, Leonard Otto", "birth_date": "12/24/1892", "death_date": "1/9/1974", "plot_id": "8-7", "obituary": null, "maiden_name": null }, "geometry": { "type": "Polygon", "coordinates": [ [ [ -91.293579266911735, 36.989529512463939 ], [ -91.293578888584577, 36.98954324056411 ], [ -91.293544661488525, 36.989542633605204 ], [ -91.293545039821822, 36.989528905505239 ], [ -91.293579266911735, 36.989529512463939 ] ] ] } },
{ "type": "Feature", "properties": { "fid": 61, "lot_no": null, "plot_no": null, "status": null, "full_name": "Weaver, Elsie Mae", "birth_date": "1/27/1893", "death_date": "7/29/1963", "plot_id": "8-8", "obituary": null, "maiden_name": "Pyrtle" }, "geometry": { "type": "Polygon", "coordinates": [ [ [ -91.293578888584577, 36.98954324056411 ], [ -91.293578510257234, 36.989556968664253 ], [ -91.293544283155015, 36.98955636170512 ], [ -91.293544661488525, 36.989542633605204 ], [ -91.293578888584577, 36.98954324056411 ] ] ] } },
{ "type": "Feature", "properties": { "fid": 62, "lot_no": null, "plot_no": null, "status": null, "full_name": "Weaver, Janice Lee", "birth_date": "5/17/1956", "death_date": "5/18/1956", "plot_id": "8-1", "obituary": null, "maiden_name": null }, "geometry": { "type": "Polygon", "coordinates": [ [ [ -91.293579645238694, 36.989515784363732 ], [ -91.293580023565426, 36.989502056263497 ], [ -91.293614250643884, 36.989502663211887 ], [ -91.293613872323277, 36.98951639131235 ], [ -91.293579645238694, 36.989515784363732 ] ] ] } },
{ "type": "Feature", "properties": { "fid": 63, "lot_no": null, "plot_no": null, "status": null, "full_name": "Weaver, William Eugene 'Bill'", "birth_date": "7/14/1924", "death_date": "8/20/2002", "plot_id": "8-2", "obituary": null, "maiden_name": null }, "geometry": { "type": "Polygon", "coordinates": [ [ [ -91.293579266911735, 36.989529512463939 ], [ -91.293579645238694, 36.989515784363732 ], [ -91.293613872323277, 36.98951639131235 ], [ -91.293613494002471, 36.989530119412777 ], [ -91.293579266911735, 36.989529512463939 ] ] ] } },
{ "type": "Feature", "properties": { "fid": 64, "lot_no": null, "plot_no": null, "status": null, "full_name": "Weaver, Dorothy Lee", "birth_date": "3/31/1926", "death_date": "10/1/2012", "plot_id": "8-3", "obituary": null, "maiden_name": "Nickles" }, "geometry": { "type": "Polygon", "coordinates": [ [ [ -91.293578888584577, 36.98954324056411 ], [ -91.293579266911735, 36.989529512463939 ], [ -91.293613494002471, 36.989530119412777 ], [ -91.293613115681467, 36.989543847513161 ], [ -91.293578888584577, 36.98954324056411 ] ] ] } },
{ "type": "Feature", "properties": { "fid": 65, "lot_no": null, "plot_no": null, "status": null, "full_name": "Wilson, Steve", "birth_date": "1954", "death_date": "1956", "plot_id": "9-4", "obituary": null, "maiden_name": null }, "geometry": { "type": "Polygon", "coordinates": [ [ [ -91.293577043780047, 36.989617373517532 ], [ -91.293577422108285, 36.989603645417546 ], [ -91.293611649232204, 36.989604252367506 ], [ -91.293611270910134, 36.989617980467706 ], [ -91.293577043780047, 36.989617373517532 ] ] ] } },
{ "type": "Feature", "properties": { "fid": 66, "lot_no": null, "plot_no": null, "status": null, "full_name": "Weaver, George Pyrtle 'Pyrt'", "birth_date": "12/12/1916", "death_date": "5/1/1984", "plot_id": "9-5", "obituary": null, "maiden_name": null }, "geometry": { "type": "Polygon", "coordinates": [ [ [ -91.29357855709172, 36.98956246111738 ], [ -91.293578178764108, 36.989576189217459 ], [ -91.293543951653291, 36.989575582258091 ], [ -91.293544329987043, 36.989561854158211 ], [ -91.29357855709172, 36.98956246111738 ] ] ] } },
{ "type": "Feature", "properties": { "fid": 67, "lot_no": null, "plot_no": null, "status": null, "full_name": "Weaver, Edna Eugene 'Jean'", "birth_date": "3/27/1919", "death_date": "12/18/1991", "plot_id": "9-6", "obituary": null, "maiden_name": "Stark" }, "geometry": { "type": "Polygon", "coordinates": [ [ [ -91.293578178764108, 36.989576189217459 ], [ -91.293577800436296, 36.989589917317517 ], [ -91.293543573319326, 36.989589310357921 ], [ -91.293543951653291, 36.989575582258091 ], [ -91.293578178764108, 36.989576189217459 ] ] ] } },
{ "type": "Feature", "properties": { "fid": 68, "lot_no": null, "plot_no": null, "status": null, "full_name": "Stark, Martha Elizabeth 'Betty'", "birth_date": "12/6/1891", "death_date": "6/9/1965", "plot_id": "9-7", "obituary": null, "maiden_name": "Hart" }, "geometry": { "type": "Polygon", "coordinates": [ [ [ -91.293577800436296, 36.989589917317517 ], [ -91.293577422108285, 36.989603645417546 ], [ -91.293543194985162, 36.989603038457709 ], [ -91.293543573319326, 36.989589310357921 ], [ -91.293577800436296, 36.989589917317517 ] ] ] } },
{ "type": "Feature", "properties": { "fid": 69, "lot_no": null, "plot_no": null, "status": null, "full_name": "Stark, Charles Albert", "birth_date": "9/8/1887", "death_date": "8/10/1959", "plot_id": "9-8", "obituary": null, "maiden_name": null }, "geometry": { "type": "Polygon", "coordinates": [ [ [ -91.293577422108285, 36.989603645417546 ], [ -91.293577043780047, 36.989617373517532 ], [ -91.293542816650785, 36.989616766557489 ], [ -91.293543194985162, 36.989603038457709 ], [ -91.293577422108285, 36.989603645417546 ] ] ] } },
{ "type": "Feature", "properties": { "fid": 70, "lot_no": null, "plot_no": null, "status": null, "full_name": "Link, Elmer R", "birth_date": "4/6/1918", "death_date": "2/6/1969", "plot_id": "9-1", "obituary": null, "maiden_name": null }, "geometry": { "type": "Polygon", "coordinates": [ [ [ -91.293578178764108, 36.989576189217459 ], [ -91.29357855709172, 36.98956246111738 ], [ -91.293612784197222, 36.98956306806668 ], [ -91.293612405875749, 36.989576796166986 ], [ -91.293578178764108, 36.989576189217459 ] ] ] } },
{ "type": "Feature", "properties": { "fid": 71, "lot_no": null, "plot_no": null, "status": null, "full_name": "Link, Ellen", "birth_date": "7/5/1923", "death_date": "11/21/2022", "plot_id": "9-2", "obituary": null, "maiden_name": "Stark" }, "geometry": { "type": "Polygon", "coordinates": [ [ [ -91.293577800436296, 36.989589917317517 ], [ -91.293578178764108, 36.989576189217459 ], [ -91.293612405875749, 36.989576796166986 ], [ -91.293612027554076, 36.989590524267257 ], [ -91.293577800436296, 36.989589917317517 ] ] ] } },
{ "type": "Feature", "properties": { "fid": 72, "lot_no": null, "plot_no": null, "status": null, "full_name": null, "birth_date": null, "death_date": null, "plot_id": "9-3", "obituary": null, "maiden_name": null }, "geometry": { "type": "Polygon", "coordinates": [ [ [ -91.293577422108285, 36.989603645417546 ], [ -91.293577800436296, 36.989589917317517 ], [ -91.293612027554076, 36.989590524267257 ], [ -91.293611649232204, 36.989604252367506 ], [ -91.293577422108285, 36.989603645417546 ] ] ] } },
{ "type": "Feature", "properties": { "fid": 73, "lot_no": null, "plot_no": null, "status": null, "full_name": null, "birth_date": null, "death_date": null, "plot_id": null, "obituary": null, "maiden_name": null }, "geometry": { "type": "Polygon", "coordinates": [ [ [ -91.293659430865432, 36.989377060322482 ], [ -91.293659809176432, 36.989363332221401 ], [ -91.293694036193997, 36.989363939145697 ], [ -91.293693657889122, 36.989377667246998 ], [ -91.293659430865432, 36.989377060322482 ] ] ] } },
{ "type": "Feature", "properties": { "fid": 74, "lot_no": null, "plot_no": null, "status": null, "full_name": null, "birth_date": null, "death_date": null, "plot_id": null, "obituary": null, "maiden_name": null }, "geometry": { "type": "Polygon", "coordinates": [ [ [ -91.293660944108268, 36.989322147917953 ], [ -91.293660565797865, 36.989335876019133 ], [ -91.29362633879343, 36.98933526908543 ], [ -91.293626717109973, 36.989321540984456 ], [ -91.293660944108268, 36.989322147917953 ] ] ] } },
{ "type": "Feature", "properties": { "fid": 75, "lot_no": null, "plot_no": null, "status": null, "full_name": null, "birth_date": null, "death_date": null, "plot_id": null, "obituary": null, "maiden_name": null }, "geometry": { "type": "Polygon", "coordinates": [ [ [ -91.293660565797865, 36.989335876019133 ], [ -91.293660187487248, 36.989349604120285 ], [ -91.29362596047666, 36.989348997186369 ], [ -91.29362633879343, 36.98933526908543 ], [ -91.293660565797865, 36.989335876019133 ] ] ] } },
{ "type": "Feature", "properties": { "fid": 76, "lot_no": null, "plot_no": null, "status": null, "full_name": null, "birth_date": null, "death_date": null, "plot_id": null, "obituary": null, "maiden_name": null }, "geometry": { "type": "Polygon", "coordinates": [ [ [ -91.293660187487248, 36.989349604120285 ], [ -91.293659809176432, 36.989363332221401 ], [ -91.293625582159706, 36.989362725287258 ], [ -91.29362596047666, 36.989348997186369 ], [ -91.293660187487248, 36.989349604120285 ] ] ] } },
{ "type": "Feature", "properties": { "fid": 77, "lot_no": null, "plot_no": null, "status": null, "full_name": null, "birth_date": null, "death_date": null, "plot_id": null, "obituary": null, "maiden_name": null }, "geometry": { "type": "Polygon", "coordinates": [ [ [ -91.293659809176432, 36.989363332221401 ], [ -91.293659430865432, 36.989377060322482 ], [ -91.293625203842552, 36.989376453388111 ], [ -91.293625582159706, 36.989362725287258 ], [ -91.293659809176432, 36.989363332221401 ] ] ] } },
{ "type": "Feature", "properties": { "fid": 78, "lot_no": null, "plot_no": null, "status": null, "full_name": null, "birth_date": null, "death_date": null, "plot_id": null, "obituary": null, "maiden_name": null }, "geometry": { "type": "Polygon", "coordinates": [ [ [ -91.293660565797865, 36.989335876019133 ], [ -91.293660944108268, 36.989322147917953 ], [ -91.293695171107387, 36.989322754841574 ], [ -91.293694792803123, 36.989336482942974 ], [ -91.293660565797865, 36.989335876019133 ] ] ] } },
{ "type": "Feature", "properties": { "fid": 79, "lot_no": null, "plot_no": null, "status": null, "full_name": null, "birth_date": null, "death_date": null, "plot_id": null, "obituary": null, "maiden_name": null }, "geometry": { "type": "Polygon", "coordinates": [ [ [ -91.293660187487248, 36.989349604120285 ], [ -91.293660565797865, 36.989335876019133 ], [ -91.293694792803123, 36.989336482942974 ], [ -91.293694414498674, 36.989350211044354 ], [ -91.293660187487248, 36.989349604120285 ] ] ] } },
{ "type": "Feature", "properties": { "fid": 80, "lot_no": null, "plot_no": null, "status": null, "full_name": null, "birth_date": null, "death_date": null, "plot_id": null, "obituary": null, "maiden_name": null }, "geometry": { "type": "Polygon", "coordinates": [ [ [ -91.293659809176432, 36.989363332221401 ], [ -91.293660187487248, 36.989349604120285 ], [ -91.293694414498674, 36.989350211044354 ], [ -91.293694036193997, 36.989363939145697 ], [ -91.293659809176432, 36.989363332221401 ] ] ] } },
{ "type": "Feature", "properties": { "fid": 81, "lot_no": null, "plot_no": null, "status": null, "full_name": null, "birth_date": null, "death_date": null, "plot_id": null, "obituary": null, "maiden_name": null }, "geometry": { "type": "Polygon", "coordinates": [ [ [ -91.293657617070281, 36.989437460014585 ], [ -91.293657995382219, 36.989423731913647 ], [ -91.293692222426813, 36.989424338838944 ], [ -91.293691844121014, 36.989438066940089 ], [ -91.293657617070281, 36.989437460014585 ] ] ] } },
{ "type": "Feature", "properties": { "fid": 82, "lot_no": null, "plot_no": null, "status": null, "full_name": null, "birth_date": null, "death_date": null, "plot_id": null, "obituary": null, "maiden_name": null }, "geometry": { "type": "Polygon", "coordinates": [ [ [ -91.29365913031684, 36.989382547610646 ], [ -91.293658752005513, 36.989396275711684 ], [ -91.293624524974021, 36.989395668776972 ], [ -91.293624903291501, 36.989381940676154 ], [ -91.29365913031684, 36.989382547610646 ] ] ] } },
{ "type": "Feature", "properties": { "fid": 83, "lot_no": null, "plot_no": null, "status": null, "full_name": null, "birth_date": null, "death_date": null, "plot_id": null, "obituary": null, "maiden_name": null }, "geometry": { "type": "Polygon", "coordinates": [ [ [ -91.293658752005513, 36.989396275711684 ], [ -91.293658373693972, 36.989410003812687 ], [ -91.293624146656342, 36.989409396877761 ], [ -91.293624524974021, 36.989395668776972 ], [ -91.293658752005513, 36.989396275711684 ] ] ] } },
{ "type": "Feature", "properties": { "fid": 84, "lot_no": null, "plot_no": null, "status": null, "full_name": null, "birth_date": null, "death_date": null, "plot_id": null, "obituary": null, "maiden_name": null }, "geometry": { "type": "Polygon", "coordinates": [ [ [ -91.293658373693972, 36.989410003812687 ], [ -91.293657995382219, 36.989423731913647 ], [ -91.293623768338463, 36.989423124978494 ], [ -91.293624146656342, 36.989409396877761 ], [ -91.293658373693972, 36.989410003812687 ] ] ] } },
{ "type": "Feature", "properties": { "fid": 85, "lot_no": null, "plot_no": null, "status": null, "full_name": null, "birth_date": null, "death_date": null, "plot_id": null, "obituary": null, "maiden_name": null }, "geometry": { "type": "Polygon", "coordinates": [ [ [ -91.293657995382219, 36.989423731913647 ], [ -91.293657617070281, 36.989437460014585 ], [ -91.293623390020343, 36.989436853079205 ], [ -91.293623768338463, 36.989423124978494 ], [ -91.293657995382219, 36.989423731913647 ] ] ] } },
{ "type": "Feature", "properties": { "fid": 86, "lot_no": null, "plot_no": null, "status": null, "full_name": null, "birth_date": null, "death_date": null, "plot_id": null, "obituary": null, "maiden_name": null }, "geometry": { "type": "Polygon", "coordinates": [ [ [ -91.293658752005513, 36.989396275711684 ], [ -91.29365913031684, 36.989382547610646 ], [ -91.293693357342974, 36.989383154535282 ], [ -91.293692979037814, 36.989396882636541 ], [ -91.293658752005513, 36.989396275711684 ] ] ] } },
{ "type": "Feature", "properties": { "fid": 87, "lot_no": null, "plot_no": null, "status": null, "full_name": null, "birth_date": null, "death_date": null, "plot_id": null, "obituary": null, "maiden_name": null }, "geometry": { "type": "Polygon", "coordinates": [ [ [ -91.293658373693972, 36.989410003812687 ], [ -91.293658752005513, 36.989396275711684 ], [ -91.293692979037814, 36.989396882636541 ], [ -91.293692600732399, 36.989410610737757 ], [ -91.293658373693972, 36.989410003812687 ] ] ] } },
{ "type": "Feature", "properties": { "fid": 88, "lot_no": null, "plot_no": null, "status": null, "full_name": null, "birth_date": null, "death_date": null, "plot_id": null, "obituary": null, "maiden_name": null }, "geometry": { "type": "Polygon", "coordinates": [ [ [ -91.293657995382219, 36.989423731913647 ], [ -91.293658373693972, 36.989410003812687 ], [ -91.293692600732399, 36.989410610737757 ], [ -91.293692222426813, 36.989424338838944 ], [ -91.293657995382219, 36.989423731913647 ] ] ] } },
{ "type": "Feature", "properties": { "fid": 89, "lot_no": null, "plot_no": null, "status": null, "full_name": null, "birth_date": null, "death_date": null, "plot_id": null, "obituary": null, "maiden_name": null }, "geometry": { "type": "Polygon", "coordinates": [ [ [ -91.29365569595393, 36.989497855246533 ], [ -91.293656074266821, 36.989484127145758 ], [ -91.293690301338458, 36.989484734072086 ], [ -91.293689923031707, 36.989498462173074 ], [ -91.29365569595393, 36.989497855246533 ] ] ] } },
{ "type": "Feature", "properties": { "fid": 90, "lot_no": null, "plot_no": null, "status": null, "full_name": null, "birth_date": null, "death_date": null, "plot_id": null, "obituary": null, "maiden_name": null }, "geometry": { "type": "Polygon", "coordinates": [ [ [ -91.293657209204298, 36.989442942843226 ], [ -91.293656830892004, 36.989456670944101 ], [ -91.293622603833484, 36.989456064008344 ], [ -91.293622982151916, 36.989442335907675 ], [ -91.293657209204298, 36.989442942843226 ] ] ] } },
{ "type": "Feature", "properties": { "fid": 91, "lot_no": null, "plot_no": null, "status": null, "full_name": null, "birth_date": null, "death_date": null, "plot_id": null, "obituary": null, "maiden_name": null }, "geometry": { "type": "Polygon", "coordinates": [ [ [ -91.293656830892004, 36.989456670944101 ], [ -91.293656452579526, 36.989470399044954 ], [ -91.293622225514866, 36.98946979210897 ], [ -91.293622603833484, 36.989456064008344 ], [ -91.293656830892004, 36.989456670944101 ] ] ] } },
{ "type": "Feature", "properties": { "fid": 92, "lot_no": null, "plot_no": null, "status": null, "full_name": null, "birth_date": null, "death_date": null, "plot_id": null, "obituary": null, "maiden_name": null }, "geometry": { "type": "Polygon", "coordinates": [ [ [ -91.293656452579526, 36.989470399044954 ], [ -91.293656074266821, 36.989484127145758 ], [ -91.293621847196036, 36.989483520209568 ], [ -91.293622225514866, 36.98946979210897 ], [ -91.293656452579526, 36.989470399044954 ] ] ] } },
{ "type": "Feature", "properties": { "fid": 93, "lot_no": null, "plot_no": null, "status": null, "full_name": null, "birth_date": null, "death_date": null, "plot_id": null, "obituary": null, "maiden_name": null }, "geometry": { "type": "Polygon", "coordinates": [ [ [ -91.293656074266821, 36.989484127145758 ], [ -91.29365569595393, 36.989497855246533 ], [ -91.293621468876992, 36.989497248310123 ], [ -91.293621847196036, 36.989483520209568 ], [ -91.293656074266821, 36.989484127145758 ] ] ] } },
{ "type": "Feature", "properties": { "fid": 94, "lot_no": null, "plot_no": null, "status": null, "full_name": null, "birth_date": null, "death_date": null, "plot_id": null, "obituary": null, "maiden_name": null }, "geometry": { "type": "Polygon", "coordinates": [ [ [ -91.293656830892004, 36.989456670944101 ], [ -91.293657209204298, 36.989442942843226 ], [ -91.293691436257475, 36.989443549768893 ], [ -91.293691057951349, 36.989457277869988 ], [ -91.293656830892004, 36.989456670944101 ] ] ] } },
{ "type": "Feature", "properties": { "fid": 95, "lot_no": null, "plot_no": null, "status": null, "full_name": null, "birth_date": null, "death_date": null, "plot_id": null, "obituary": null, "maiden_name": null }, "geometry": { "type": "Polygon", "coordinates": [ [ [ -91.293656452579526, 36.989470399044954 ], [ -91.293656830892004, 36.989456670944101 ], [ -91.293691057951349, 36.989457277869988 ], [ -91.293690679644996, 36.989471005971055 ], [ -91.293656452579526, 36.989470399044954 ] ] ] } },
{ "type": "Feature", "properties": { "fid": 96, "lot_no": null, "plot_no": null, "status": null, "full_name": null, "birth_date": null, "death_date": null, "plot_id": null, "obituary": null, "maiden_name": null }, "geometry": { "type": "Polygon", "coordinates": [ [ [ -91.293656074266821, 36.989484127145758 ], [ -91.293656452579526, 36.989470399044954 ], [ -91.293690679644996, 36.989471005971055 ], [ -91.293690301338458, 36.989484734072086 ], [ -91.293656074266821, 36.989484127145758 ] ] ] } },
{ "type": "Feature", "properties": { "fid": 97, "lot_no": null, "plot_no": null, "status": null, "full_name": null, "birth_date": null, "death_date": null, "plot_id": null, "obituary": null, "maiden_name": null }, "geometry": { "type": "Polygon", "coordinates": [ [ [ -91.293653811007914, 36.98955825213239 ], [ -91.293654189321757, 36.989544524031757 ], [ -91.293688416420423, 36.989545130959115 ], [ -91.293688038112734, 36.989558859059954 ], [ -91.293653811007914, 36.98955825213239 ] ] ] } },
{ "type": "Feature", "properties": { "fid": 98, "lot_no": null, "plot_no": null, "status": null, "full_name": null, "birth_date": null, "death_date": null, "plot_id": null, "obituary": null, "maiden_name": null }, "geometry": { "type": "Polygon", "coordinates": [ [ [ -91.293655324262033, 36.989503339729687 ], [ -91.293654945948816, 36.98951706783042 ], [ -91.293620718863266, 36.989516460893626 ], [ -91.293621097182623, 36.989502732793134 ], [ -91.293655324262033, 36.989503339729687 ] ] ] } },
{ "type": "Feature", "properties": { "fid": 99, "lot_no": null, "plot_no": null, "status": null, "full_name": null, "birth_date": null, "death_date": null, "plot_id": null, "obituary": null, "maiden_name": null }, "geometry": { "type": "Polygon", "coordinates": [ [ [ -91.293654945948816, 36.98951706783042 ], [ -91.293654567635386, 36.98953079593111 ], [ -91.293620340543683, 36.989530188994109 ], [ -91.293620718863266, 36.989516460893626 ], [ -91.293654945948816, 36.98951706783042 ] ] ] } },
{ "type": "Feature", "properties": { "fid": 100, "lot_no": null, "plot_no": null, "status": null, "full_name": null, "birth_date": null, "death_date": null, "plot_id": null, "obituary": null, "maiden_name": null }, "geometry": { "type": "Polygon", "coordinates": [ [ [ -91.293654567635386, 36.98953079593111 ], [ -91.293654189321757, 36.989544524031757 ], [ -91.293619962223914, 36.989543917094544 ], [ -91.293620340543683, 36.989530188994109 ], [ -91.293654567635386, 36.98953079593111 ] ] ] } },
{ "type": "Feature", "properties": { "fid": 101, "lot_no": null, "plot_no": null, "status": null, "full_name": null, "birth_date": null, "death_date": null, "plot_id": null, "obituary": null, "maiden_name": null }, "geometry": { "type": "Polygon", "coordinates": [ [ [ -91.293654189321757, 36.989544524031757 ], [ -91.293653811007914, 36.98955825213239 ], [ -91.293619583903933, 36.989557645194964 ], [ -91.293619962223914, 36.989543917094544 ], [ -91.293654189321757, 36.989544524031757 ] ] ] } },
{ "type": "Feature", "properties": { "fid": 102, "lot_no": null, "plot_no": null, "status": null, "full_name": null, "birth_date": null, "death_date": null, "plot_id": null, "obituary": null, "maiden_name": null }, "geometry": { "type": "Polygon", "coordinates": [ [ [ -91.293654945948816, 36.98951706783042 ], [ -91.293655324262033, 36.989503339729687 ], [ -91.293689551342268, 36.989503946656384 ], [ -91.29368917303519, 36.989517674757337 ], [ -91.293654945948816, 36.98951706783042 ] ] ] } },
{ "type": "Feature", "properties": { "fid": 103, "lot_no": null, "plot_no": null, "status": null, "full_name": null, "birth_date": null, "death_date": null, "plot_id": null, "obituary": null, "maiden_name": null }, "geometry": { "type": "Polygon", "coordinates": [ [ [ -91.293654567635386, 36.98953079593111 ], [ -91.293654945948816, 36.98951706783042 ], [ -91.29368917303519, 36.989517674757337 ], [ -91.293688794727899, 36.989531402858248 ], [ -91.293654567635386, 36.98953079593111 ] ] ] } },
{ "type": "Feature", "properties": { "fid": 104, "lot_no": null, "plot_no": null, "status": null, "full_name": null, "birth_date": null, "death_date": null, "plot_id": null, "obituary": null, "maiden_name": null }, "geometry": { "type": "Polygon", "coordinates": [ [ [ -91.293654189321757, 36.989544524031757 ], [ -91.293654567635386, 36.98953079593111 ], [ -91.293688794727899, 36.989531402858248 ], [ -91.293688416420423, 36.989545130959115 ], [ -91.293654189321757, 36.989544524031757 ] ] ] } },
{ "type": "Feature", "properties": { "fid": 105, "lot_no": null, "plot_no": null, "status": null, "full_name": null, "birth_date": null, "death_date": null, "plot_id": null, "obituary": null, "maiden_name": null }, "geometry": { "type": "Polygon", "coordinates": [ [ [ -91.293652344590242, 36.989618656987659 ], [ -91.293652722904966, 36.989604928887182 ], [ -91.293686950030661, 36.989605535815443 ], [ -91.29368657172212, 36.989619263916147 ], [ -91.293652344590242, 36.989618656987659 ] ] ] } },
{ "type": "Feature", "properties": { "fid": 106, "lot_no": null, "plot_no": null, "status": null, "full_name": null, "birth_date": null, "death_date": null, "plot_id": null, "obituary": null, "maiden_name": null }, "geometry": { "type": "Polygon", "coordinates": [ [ [ -91.293653857847829, 36.989563744585567 ], [ -91.293653479533745, 36.989577472686143 ], [ -91.293619252421138, 36.989576865748461 ], [ -91.293619630741375, 36.989563137648098 ], [ -91.293653857847829, 36.989563744585567 ] ] ] } },
{ "type": "Feature", "properties": { "fid": 107, "lot_no": null, "plot_no": null, "status": null, "full_name": null, "birth_date": null, "death_date": null, "plot_id": null, "obituary": null, "maiden_name": null }, "geometry": { "type": "Polygon", "coordinates": [ [ [ -91.293653479533745, 36.989577472686143 ], [ -91.293653101219448, 36.989591200786677 ], [ -91.293618874100702, 36.989590593848774 ], [ -91.293619252421138, 36.989576865748461 ], [ -91.293653479533745, 36.989577472686143 ] ] ] } },
{ "type": "Feature", "properties": { "fid": 108, "lot_no": null, "plot_no": null, "status": null, "full_name": null, "birth_date": null, "death_date": null, "plot_id": null, "obituary": null, "maiden_name": null }, "geometry": { "type": "Polygon", "coordinates": [ [ [ -91.293653101219448, 36.989591200786677 ], [ -91.293652722904966, 36.989604928887182 ], [ -91.293618495780066, 36.989604321949059 ], [ -91.293618874100702, 36.989590593848774 ], [ -91.293653101219448, 36.989591200786677 ] ] ] } },
{ "type": "Feature", "properties": { "fid": 109, "lot_no": null, "plot_no": null, "status": null, "full_name": null, "birth_date": null, "death_date": null, "plot_id": null, "obituary": null, "maiden_name": null }, "geometry": { "type": "Polygon", "coordinates": [ [ [ -91.293652722904966, 36.989604928887182 ], [ -91.293652344590242, 36.989618656987659 ], [ -91.293618117459218, 36.989618050049309 ], [ -91.293618495780066, 36.989604321949059 ], [ -91.293652722904966, 36.989604928887182 ] ] ] } },
{ "type": "Feature", "properties": { "fid": 110, "lot_no": null, "plot_no": null, "status": null, "full_name": null, "birth_date": null, "death_date": null, "plot_id": null, "obituary": null, "maiden_name": null }, "geometry": { "type": "Polygon", "coordinates": [ [ [ -91.293653479533745, 36.989577472686143 ], [ -91.293653857847829, 36.989563744585567 ], [ -91.293688084955107, 36.989564351513174 ], [ -91.293687706647177, 36.989578079613963 ], [ -91.293653479533745, 36.989577472686143 ] ] ] } },
{ "type": "Feature", "properties": { "fid": 111, "lot_no": null, "plot_no": null, "status": null, "full_name": null, "birth_date": null, "death_date": null, "plot_id": null, "obituary": null, "maiden_name": null }, "geometry": { "type": "Polygon", "coordinates": [ [ [ -91.293653101219448, 36.989591200786677 ], [ -91.293653479533745, 36.989577472686143 ], [ -91.293687706647177, 36.989578079613963 ], [ -91.293687328339018, 36.989591807714724 ], [ -91.293653101219448, 36.989591200786677 ] ] ] } },
{ "type": "Feature", "properties": { "fid": 112, "lot_no": null, "plot_no": null, "status": null, "full_name": null, "birth_date": null, "death_date": null, "plot_id": null, "obituary": null, "maiden_name": null }, "geometry": { "type": "Polygon", "coordinates": [ [ [ -91.293652722904966, 36.989604928887182 ], [ -91.293653101219448, 36.989591200786677 ], [ -91.293687328339018, 36.989591807714724 ], [ -91.293686950030661, 36.989605535815443 ], [ -91.293652722904966, 36.989604928887182 ] ] ] } },
{ "type": "Feature", "properties": { "fid": 113, "lot_no": null, "plot_no": null, "status": null, "full_name": null, "birth_date": null, "death_date": null, "plot_id": null, "obituary": null, "maiden_name": null }, "geometry": { "type": "Polygon", "coordinates": [ [ [ -91.293734731441518, 36.989378343736128 ], [ -91.293735109739018, 36.989364615634557 ], [ -91.293769336758359, 36.989365222537145 ], [ -91.293768958467012, 36.989378950638937 ], [ -91.293734731441518, 36.989378343736128 ] ] ] } },
{ "type": "Feature", "properties": { "fid": 114, "lot_no": null, "plot_no": null, "status": null, "full_name": null, "birth_date": null, "death_date": null, "plot_id": null, "obituary": null, "maiden_name": null }, "geometry": { "type": "Polygon", "coordinates": [ [ [ -91.293736244630267, 36.989323431329652 ], [ -91.293735866333392, 36.989337159431329 ], [ -91.293701639327168, 36.989336552519312 ], [ -91.29370201763021, 36.989322824417854 ], [ -91.293736244630267, 36.989323431329652 ] ] ] } },
{ "type": "Feature", "properties": { "fid": 115, "lot_no": null, "plot_no": null, "status": null, "full_name": null, "birth_date": null, "death_date": null, "plot_id": null, "obituary": null, "maiden_name": null }, "geometry": { "type": "Polygon", "coordinates": [ [ [ -91.293735866333392, 36.989337159431329 ], [ -91.293735488036319, 36.989350887532964 ], [ -91.293701261023941, 36.989350280620734 ], [ -91.293701639327168, 36.989336552519312 ], [ -91.293735866333392, 36.989337159431329 ] ] ] } },
{ "type": "Feature", "properties": { "fid": 116, "lot_no": null, "plot_no": null, "status": null, "full_name": null, "birth_date": null, "death_date": null, "plot_id": null, "obituary": null, "maiden_name": null }, "geometry": { "type": "Polygon", "coordinates": [ [ [ -91.293735488036319, 36.989350887532964 ], [ -91.293735109739018, 36.989364615634557 ], [ -91.293700882720501, 36.98936400872212 ], [ -91.293701261023941, 36.989350280620734 ], [ -91.293735488036319, 36.989350887532964 ] ] ] } },
{ "type": "Feature", "properties": { "fid": 117, "lot_no": null, "plot_no": null, "status": null, "full_name": null, "birth_date": null, "death_date": null, "plot_id": null, "obituary": null, "maiden_name": null }, "geometry": { "type": "Polygon", "coordinates": [ [ [ -91.293735109739018, 36.989364615634557 ], [ -91.293734731441518, 36.989378343736128 ], [ -91.293700504416861, 36.989377736823457 ], [ -91.293700882720501, 36.98936400872212 ], [ -91.293735109739018, 36.989364615634557 ] ] ] } },
{ "type": "Feature", "properties": { "fid": 118, "lot_no": null, "plot_no": null, "status": null, "full_name": null, "birth_date": null, "death_date": null, "plot_id": null, "obituary": null, "maiden_name": null }, "geometry": { "type": "Polygon", "coordinates": [ [ [ -91.293735866333392, 36.989337159431329 ], [ -91.293736244630267, 36.989323431329652 ], [ -91.293770471631163, 36.989324038231594 ], [ -91.293770093340441, 36.989337766333477 ], [ -91.293735866333392, 36.989337159431329 ] ] ] } },
{ "type": "Feature", "properties": { "fid": 119, "lot_no": null, "plot_no": null, "status": null, "full_name": null, "birth_date": null, "death_date": null, "plot_id": null, "obituary": null, "maiden_name": null }, "geometry": { "type": "Polygon", "coordinates": [ [ [ -91.293735488036319, 36.989350887532964 ], [ -91.293735866333392, 36.989337159431329 ], [ -91.293770093340441, 36.989337766333477 ], [ -91.293769715049507, 36.989351494435333 ], [ -91.293735488036319, 36.989350887532964 ] ] ] } },
{ "type": "Feature", "properties": { "fid": 120, "lot_no": null, "plot_no": null, "status": null, "full_name": null, "birth_date": null, "death_date": null, "plot_id": null, "obituary": null, "maiden_name": null }, "geometry": { "type": "Polygon", "coordinates": [ [ [ -91.293735109739018, 36.989364615634557 ], [ -91.293735488036319, 36.989350887532964 ], [ -91.293769715049507, 36.989351494435333 ], [ -91.293769336758359, 36.989365222537145 ], [ -91.293735109739018, 36.989364615634557 ] ] ] } },
{ "type": "Feature", "properties": { "fid": 121, "lot_no": null, "plot_no": null, "status": null, "full_name": null, "birth_date": null, "death_date": null, "plot_id": null, "obituary": null, "maiden_name": null }, "geometry": { "type": "Polygon", "coordinates": [ [ [ -91.293732917705867, 36.989438743430426 ], [ -91.293733296004291, 36.989425015329033 ], [ -91.293767523050676, 36.989425622232623 ], [ -91.293767144758377, 36.989439350334237 ], [ -91.293732917705867, 36.989438743430426 ] ] ] } },
{ "type": "Feature", "properties": { "fid": 122, "lot_no": null, "plot_no": null, "status": null, "full_name": null, "birth_date": null, "death_date": null, "plot_id": null, "obituary": null, "maiden_name": null }, "geometry": { "type": "Polygon", "coordinates": [ [ [ -91.293734430898326, 36.989383831024583 ], [ -91.293734052600527, 36.989397559126097 ], [ -91.293699825567273, 36.98939695221307 ], [ -91.293700203871211, 36.989383224111776 ], [ -91.293734430898326, 36.989383831024583 ] ] ] } },
{ "type": "Feature", "properties": { "fid": 123, "lot_no": null, "plot_no": null, "status": null, "full_name": null, "birth_date": null, "death_date": null, "plot_id": null, "obituary": null, "maiden_name": null }, "geometry": { "type": "Polygon", "coordinates": [ [ [ -91.293734052600527, 36.989397559126097 ], [ -91.293733674302501, 36.989411287227576 ], [ -91.293699447263094, 36.989410680314336 ], [ -91.293699825567273, 36.98939695221307 ], [ -91.293734052600527, 36.989397559126097 ] ] ] } },
{ "type": "Feature", "properties": { "fid": 124, "lot_no": null, "plot_no": null, "status": null, "full_name": null, "birth_date": null, "death_date": null, "plot_id": null, "obituary": null, "maiden_name": null }, "geometry": { "type": "Polygon", "coordinates": [ [ [ -91.293733674302501, 36.989411287227576 ], [ -91.293733296004291, 36.989425015329033 ], [ -91.293699068958745, 36.989424408415573 ], [ -91.293699447263094, 36.989410680314336 ], [ -91.293733674302501, 36.989411287227576 ] ] ] } },
{ "type": "Feature", "properties": { "fid": 125, "lot_no": null, "plot_no": null, "status": null, "full_name": null, "birth_date": null, "death_date": null, "plot_id": null, "obituary": null, "maiden_name": null }, "geometry": { "type": "Polygon", "coordinates": [ [ [ -91.293733296004291, 36.989425015329033 ], [ -91.293732917705867, 36.989438743430426 ], [ -91.293698690654168, 36.989438136516753 ], [ -91.293699068958745, 36.989424408415573 ], [ -91.293733296004291, 36.989425015329033 ] ] ] } },
{ "type": "Feature", "properties": { "fid": 126, "lot_no": null, "plot_no": null, "status": null, "full_name": null, "birth_date": null, "death_date": null, "plot_id": null, "obituary": null, "maiden_name": null }, "geometry": { "type": "Polygon", "coordinates": [ [ [ -91.293734052600527, 36.989397559126097 ], [ -91.293734430898326, 36.989383831024583 ], [ -91.293768657926265, 36.989384437927519 ], [ -91.293768279634605, 36.989398166029254 ], [ -91.293734052600527, 36.989397559126097 ] ] ] } },
{ "type": "Feature", "properties": { "fid": 127, "lot_no": null, "plot_no": null, "status": null, "full_name": null, "birth_date": null, "death_date": null, "plot_id": null, "obituary": null, "maiden_name": null }, "geometry": { "type": "Polygon", "coordinates": [ [ [ -91.293733674302501, 36.989411287227576 ], [ -91.293734052600527, 36.989397559126097 ], [ -91.293768279634605, 36.989398166029254 ], [ -91.293767901342733, 36.989411894130953 ], [ -91.293733674302501, 36.989411287227576 ] ] ] } },
{ "type": "Feature", "properties": { "fid": 128, "lot_no": null, "plot_no": null, "status": null, "full_name": null, "birth_date": null, "death_date": null, "plot_id": null, "obituary": null, "maiden_name": null }, "geometry": { "type": "Polygon", "coordinates": [ [ [ -91.293733296004291, 36.989425015329033 ], [ -91.293733674302501, 36.989411287227576 ], [ -91.293767901342733, 36.989411894130953 ], [ -91.293767523050676, 36.989425622232623 ], [ -91.293733296004291, 36.989425015329033 ] ] ] } },
{ "type": "Feature", "properties": { "fid": 129, "lot_no": null, "plot_no": null, "status": null, "full_name": null, "birth_date": null, "death_date": null, "plot_id": null, "obituary": null, "maiden_name": null }, "geometry": { "type": "Polygon", "coordinates": [ [ [ -91.293730996649018, 36.989499138664669 ], [ -91.293731374948379, 36.989485410563404 ], [ -91.293765602021793, 36.989486017468039 ], [ -91.293765223728556, 36.989499745569525 ], [ -91.293730996649018, 36.989499138664669 ] ] ] } },
{ "type": "Feature", "properties": { "fid": 130, "lot_no": null, "plot_no": null, "status": null, "full_name": null, "birth_date": null, "death_date": null, "plot_id": null, "obituary": null, "maiden_name": null }, "geometry": { "type": "Polygon", "coordinates": [ [ [ -91.293732509845256, 36.98944422625943 ], [ -91.29373213154652, 36.989457954360795 ], [ -91.293697904486208, 36.989457347446738 ], [ -91.293698282791112, 36.989443619345593 ], [ -91.293732509845256, 36.98944422625943 ] ] ] } },
{ "type": "Feature", "properties": { "fid": 131, "lot_no": null, "plot_no": null, "status": null, "full_name": null, "birth_date": null, "death_date": null, "plot_id": null, "obituary": null, "maiden_name": null }, "geometry": { "type": "Polygon", "coordinates": [ [ [ -91.29373213154652, 36.989457954360795 ], [ -91.293731753247542, 36.989471682462117 ], [ -91.293697526181106, 36.989471075547854 ], [ -91.293697904486208, 36.989457347446738 ], [ -91.29373213154652, 36.989457954360795 ] ] ] } },
{ "type": "Feature", "properties": { "fid": 132, "lot_no": null, "plot_no": null, "status": null, "full_name": null, "birth_date": null, "death_date": null, "plot_id": null, "obituary": null, "maiden_name": null }, "geometry": { "type": "Polygon", "coordinates": [ [ [ -91.293731753247542, 36.989471682462117 ], [ -91.293731374948379, 36.989485410563404 ], [ -91.293697147875804, 36.989484803648914 ], [ -91.293697526181106, 36.989471075547854 ], [ -91.293731753247542, 36.989471682462117 ] ] ] } },
{ "type": "Feature", "properties": { "fid": 133, "lot_no": null, "plot_no": null, "status": null, "full_name": null, "birth_date": null, "death_date": null, "plot_id": null, "obituary": null, "maiden_name": null }, "geometry": { "type": "Polygon", "coordinates": [ [ [ -91.293731374948379, 36.989485410563404 ], [ -91.293730996649018, 36.989499138664669 ], [ -91.293696769570275, 36.989498531749945 ], [ -91.293697147875804, 36.989484803648914 ], [ -91.293731374948379, 36.989485410563404 ] ] ] } },
{ "type": "Feature", "properties": { "fid": 134, "lot_no": null, "plot_no": null, "status": null, "full_name": null, "birth_date": null, "death_date": null, "plot_id": null, "obituary": null, "maiden_name": null }, "geometry": { "type": "Polygon", "coordinates": [ [ [ -91.29373213154652, 36.989457954360795 ], [ -91.293732509845256, 36.98944422625943 ], [ -91.293766736900238, 36.989444833163411 ], [ -91.293766358607627, 36.989458561264996 ], [ -91.29373213154652, 36.989457954360795 ] ] ] } },
{ "type": "Feature", "properties": { "fid": 135, "lot_no": null, "plot_no": null, "status": null, "full_name": null, "birth_date": null, "death_date": null, "plot_id": null, "obituary": null, "maiden_name": null }, "geometry": { "type": "Polygon", "coordinates": [ [ [ -91.293731753247542, 36.989471682462117 ], [ -91.29373213154652, 36.989457954360795 ], [ -91.293766358607627, 36.989458561264996 ], [ -91.293765980314802, 36.989472289366539 ], [ -91.293731753247542, 36.989471682462117 ] ] ] } },
{ "type": "Feature", "properties": { "fid": 136, "lot_no": null, "plot_no": null, "status": null, "full_name": null, "birth_date": null, "death_date": null, "plot_id": null, "obituary": null, "maiden_name": null }, "geometry": { "type": "Polygon", "coordinates": [ [ [ -91.293731374948379, 36.989485410563404 ], [ -91.293731753247542, 36.989471682462117 ], [ -91.293765980314802, 36.989472289366539 ], [ -91.293765602021793, 36.989486017468039 ], [ -91.293731374948379, 36.989485410563404 ] ] ] } },
{ "type": "Feature", "properties": { "fid": 137, "lot_no": null, "plot_no": null, "status": null, "full_name": null, "birth_date": null, "death_date": null, "plot_id": null, "obituary": null, "maiden_name": null }, "geometry": { "type": "Polygon", "coordinates": [ [ [ -91.293729111762488, 36.989559535552779 ], [ -91.293729490062788, 36.989545807451684 ], [ -91.293763717163245, 36.989546414357342 ], [ -91.293763338869084, 36.989560142458657 ], [ -91.293729111762488, 36.989559535552779 ] ] ] } },
{ "type": "Feature", "properties": { "fid": 138, "lot_no": null, "plot_no": null, "status": null, "full_name": null, "birth_date": null, "death_date": null, "plot_id": null, "obituary": null, "maiden_name": null }, "geometry": { "type": "Polygon", "coordinates": [ [ [ -91.293730624962507, 36.989504623148164 ], [ -91.293730246662804, 36.98951835124938 ], [ -91.293696019575464, 36.989517744334293 ], [ -91.293696397881305, 36.989504016233305 ], [ -91.293730624962507, 36.989504623148164 ] ] ] } },
{ "type": "Feature", "properties": { "fid": 139, "lot_no": null, "plot_no": null, "status": null, "full_name": null, "birth_date": null, "death_date": null, "plot_id": null, "obituary": null, "maiden_name": null }, "geometry": { "type": "Polygon", "coordinates": [ [ [ -91.293730246662804, 36.98951835124938 ], [ -91.293729868362902, 36.989532079350546 ], [ -91.293695641269423, 36.989531472435239 ], [ -91.293696019575464, 36.989517744334293 ], [ -91.293730246662804, 36.98951835124938 ] ] ] } },
{ "type": "Feature", "properties": { "fid": 140, "lot_no": null, "plot_no": null, "status": null, "full_name": null, "birth_date": null, "death_date": null, "plot_id": null, "obituary": null, "maiden_name": null }, "geometry": { "type": "Polygon", "coordinates": [ [ [ -91.293729868362902, 36.989532079350546 ], [ -91.293729490062788, 36.989545807451684 ], [ -91.293695262963169, 36.989545200536163 ], [ -91.293695641269423, 36.989531472435239 ], [ -91.293729868362902, 36.989532079350546 ] ] ] } },
{ "type": "Feature", "properties": { "fid": 141, "lot_no": null, "plot_no": null, "status": null, "full_name": null, "birth_date": null, "death_date": null, "plot_id": null, "obituary": null, "maiden_name": null }, "geometry": { "type": "Polygon", "coordinates": [ [ [ -91.293729490062788, 36.989545807451684 ], [ -91.293729111762488, 36.989559535552779 ], [ -91.293694884656702, 36.989558928637045 ], [ -91.293695262963169, 36.989545200536163 ], [ -91.293729490062788, 36.989545807451684 ] ] ] } },
{ "type": "Feature", "properties": { "fid": 142, "lot_no": null, "plot_no": null, "status": null, "full_name": null, "birth_date": null, "death_date": null, "plot_id": null, "obituary": null, "maiden_name": null }, "geometry": { "type": "Polygon", "coordinates": [ [ [ -91.293730246662804, 36.98951835124938 ], [ -91.293730624962507, 36.989504623148164 ], [ -91.293764852044504, 36.989505230053169 ], [ -91.293764473750954, 36.989518958154598 ], [ -91.293730246662804, 36.98951835124938 ] ] ] } },
{ "type": "Feature", "properties": { "fid": 143, "lot_no": null, "plot_no": null, "status": null, "full_name": null, "birth_date": null, "death_date": null, "plot_id": null, "obituary": null, "maiden_name": null }, "geometry": { "type": "Polygon", "coordinates": [ [ [ -91.293729868362902, 36.989532079350546 ], [ -91.293730246662804, 36.98951835124938 ], [ -91.293764473750954, 36.989518958154598 ], [ -91.293764095457206, 36.989532686255984 ], [ -91.293729868362902, 36.989532079350546 ] ] ] } },
{ "type": "Feature", "properties": { "fid": 144, "lot_no": null, "plot_no": null, "status": null, "full_name": null, "birth_date": null, "death_date": null, "plot_id": null, "obituary": null, "maiden_name": null }, "geometry": { "type": "Polygon", "coordinates": [ [ [ -91.293729490062788, 36.989545807451684 ], [ -91.293729868362902, 36.989532079350546 ], [ -91.293764095457206, 36.989532686255984 ], [ -91.293763717163245, 36.989546414357342 ], [ -91.293729490062788, 36.989545807451684 ] ] ] } },
{ "type": "Feature", "properties": { "fid": 145, "lot_no": null, "plot_no": null, "status": null, "full_name": null, "birth_date": null, "death_date": null, "plot_id": null, "obituary": null, "maiden_name": null }, "geometry": { "type": "Polygon", "coordinates": [ [ [ -91.293727645404331, 36.989619940410051 ], [ -91.293728023705484, 36.989606212309084 ], [ -91.293762250832998, 36.989606819215659 ], [ -91.293761872537956, 36.989620547316825 ], [ -91.293727645404331, 36.989619940410051 ] ] ] } },
{ "type": "Feature", "properties": { "fid": 146, "lot_no": null, "plot_no": null, "status": null, "full_name": null, "birth_date": null, "death_date": null, "plot_id": null, "obituary": null, "maiden_name": null }, "geometry": { "type": "Polygon", "coordinates": [ [ [ -91.293729158607817, 36.989565028006027 ], [ -91.293728780307234, 36.989578756107086 ], [ -91.29369455319285, 36.98957814919109 ], [ -91.293694931499573, 36.989564421090257 ], [ -91.293729158607817, 36.989565028006027 ] ] ] } },
{ "type": "Feature", "properties": { "fid": 147, "lot_no": null, "plot_no": null, "status": null, "full_name": null, "birth_date": null, "death_date": null, "plot_id": null, "obituary": null, "maiden_name": null }, "geometry": { "type": "Polygon", "coordinates": [ [ [ -91.293728780307234, 36.989578756107086 ], [ -91.293728402006479, 36.98959248420811 ], [ -91.293694174885943, 36.989591877291893 ], [ -91.29369455319285, 36.98957814919109 ], [ -91.293728780307234, 36.989578756107086 ] ] ] } },
{ "type": "Feature", "properties": { "fid": 148, "lot_no": null, "plot_no": null, "status": null, "full_name": null, "birth_date": null, "death_date": null, "plot_id": null, "obituary": null, "maiden_name": null }, "geometry": { "type": "Polygon", "coordinates": [ [ [ -91.293728402006479, 36.98959248420811 ], [ -91.293728023705484, 36.989606212309084 ], [ -91.293693796578836, 36.989605605392669 ], [ -91.293694174885943, 36.989591877291893 ], [ -91.293728402006479, 36.98959248420811 ] ] ] } },
{ "type": "Feature", "properties": { "fid": 149, "lot_no": null, "plot_no": null, "status": null, "full_name": null, "birth_date": null, "death_date": null, "plot_id": null, "obituary": null, "maiden_name": null }, "geometry": { "type": "Polygon", "coordinates": [ [ [ -91.293728023705484, 36.989606212309084 ], [ -91.293727645404331, 36.989619940410051 ], [ -91.293693418271488, 36.989619333493394 ], [ -91.293693796578836, 36.989605605392669 ], [ -91.293728023705484, 36.989606212309084 ] ] ] } },
{ "type": "Feature", "properties": { "fid": 150, "lot_no": null, "plot_no": null, "status": null, "full_name": null, "birth_date": null, "death_date": null, "plot_id": null, "obituary": null, "maiden_name": null }, "geometry": { "type": "Polygon", "coordinates": [ [ [ -91.293728780307234, 36.989578756107086 ], [ -91.293729158607817, 36.989565028006027 ], [ -91.293763385716858, 36.989565634911948 ], [ -91.293763007422442, 36.98957936301322 ], [ -91.293728780307234, 36.989578756107086 ] ] ] } },
{ "type": "Feature", "properties": { "fid": 151, "lot_no": null, "plot_no": null, "status": null, "full_name": null, "birth_date": null, "death_date": null, "plot_id": null, "obituary": null, "maiden_name": null }, "geometry": { "type": "Polygon", "coordinates": [ [ [ -91.293728402006479, 36.98959248420811 ], [ -91.293728780307234, 36.989578756107086 ], [ -91.293763007422442, 36.98957936301322 ], [ -91.293762629127826, 36.989593091114465 ], [ -91.293728402006479, 36.98959248420811 ] ] ] } },
{ "type": "Feature", "properties": { "fid": 152, "lot_no": null, "plot_no": null, "status": null, "full_name": null, "birth_date": null, "death_date": null, "plot_id": null, "obituary": null, "maiden_name": null }, "geometry": { "type": "Polygon", "coordinates": [ [ [ -91.293728023705484, 36.989606212309084 ], [ -91.293728402006479, 36.98959248420811 ], [ -91.293762629127826, 36.989593091114465 ], [ -91.293762250832998, 36.989606819215659 ], [ -91.293728023705484, 36.989606212309084 ] ] ] } },
{ "type": "Feature", "properties": { "fid": 153, "lot_no": null, "plot_no": null, "status": null, "full_name": null, "birth_date": null, "death_date": null, "plot_id": null, "obituary": null, "maiden_name": null }, "geometry": { "type": "Polygon", "coordinates": [ [ [ -91.293810032021497, 36.989379627102032 ], [ -91.293810410305454, 36.989365898999985 ], [ -91.293844637326586, 36.989366505880888 ], [ -91.293844259048754, 36.989380233983148 ], [ -91.293810032021497, 36.989379627102032 ] ] ] } },
{ "type": "Feature", "properties": { "fid": 154, "lot_no": null, "plot_no": null, "status": null, "full_name": null, "birth_date": null, "death_date": null, "plot_id": null, "obituary": null, "maiden_name": null }, "geometry": { "type": "Polygon", "coordinates": [ [ [ -91.29381154515616, 36.989324714693645 ], [ -91.293811166872786, 36.989338442795791 ], [ -91.293776939864784, 36.989337835905467 ], [ -91.293777318154284, 36.989324107803533 ], [ -91.29381154515616, 36.989324714693645 ] ] ] } },
{ "type": "Feature", "properties": { "fid": 155, "lot_no": null, "plot_no": null, "status": null, "full_name": null, "birth_date": null, "death_date": null, "plot_id": null, "obituary": null, "maiden_name": null }, "geometry": { "type": "Polygon", "coordinates": [ [ [ -91.293811166872786, 36.989338442795791 ], [ -91.293810788589226, 36.989352170897902 ], [ -91.293776561575086, 36.989351564007364 ], [ -91.293776939864784, 36.989337835905467 ], [ -91.293811166872786, 36.989338442795791 ] ] ] } },
{ "type": "Feature", "properties": { "fid": 156, "lot_no": null, "plot_no": null, "status": null, "full_name": null, "birth_date": null, "death_date": null, "plot_id": null, "obituary": null, "maiden_name": null }, "geometry": { "type": "Polygon", "coordinates": [ [ [ -91.293810788589226, 36.989352170897902 ], [ -91.293810410305454, 36.989365898999985 ], [ -91.293776183285175, 36.989365292109227 ], [ -91.293776561575086, 36.989351564007364 ], [ -91.293810788589226, 36.989352170897902 ] ] ] } },
{ "type": "Feature", "properties": { "fid": 157, "lot_no": null, "plot_no": null, "status": null, "full_name": null, "birth_date": null, "death_date": null, "plot_id": null, "obituary": null, "maiden_name": null }, "geometry": { "type": "Polygon", "coordinates": [ [ [ -91.293810410305454, 36.989365898999985 ], [ -91.293810032021497, 36.989379627102032 ], [ -91.29377580499505, 36.989379020211061 ], [ -91.293776183285175, 36.989365292109227 ], [ -91.293810410305454, 36.989365898999985 ] ] ] } },
{ "type": "Feature", "properties": { "fid": 158, "lot_no": null, "plot_no": null, "status": null, "full_name": null, "birth_date": null, "death_date": null, "plot_id": null, "obituary": null, "maiden_name": null }, "geometry": { "type": "Polygon", "coordinates": [ [ [ -91.293811166872786, 36.989338442795791 ], [ -91.29381154515616, 36.989324714693645 ], [ -91.293845772158832, 36.98932532157388 ], [ -91.293845393881611, 36.989339049676246 ], [ -91.293811166872786, 36.989338442795791 ] ] ] } },
{ "type": "Feature", "properties": { "fid": 159, "lot_no": null, "plot_no": null, "status": null, "full_name": null, "birth_date": null, "death_date": null, "plot_id": null, "obituary": null, "maiden_name": null }, "geometry": { "type": "Polygon", "coordinates": [ [ [ -91.293810788589226, 36.989352170897902 ], [ -91.293811166872786, 36.989338442795791 ], [ -91.293845393881611, 36.989339049676246 ], [ -91.293845015604205, 36.989352777778585 ], [ -91.293810788589226, 36.989352170897902 ] ] ] } },
{ "type": "Feature", "properties": { "fid": 160, "lot_no": null, "plot_no": null, "status": null, "full_name": null, "birth_date": null, "death_date": null, "plot_id": null, "obituary": null, "maiden_name": null }, "geometry": { "type": "Polygon", "coordinates": [ [ [ -91.293810410305454, 36.989365898999985 ], [ -91.293810788589226, 36.989352170897902 ], [ -91.293845015604205, 36.989352777778585 ], [ -91.293844637326586, 36.989366505880888 ], [ -91.293810410305454, 36.989365898999985 ] ] ] } },
{ "type": "Feature", "properties": { "fid": 161, "lot_no": null, "plot_no": null, "status": null, "full_name": null, "birth_date": null, "death_date": null, "plot_id": null, "obituary": null, "maiden_name": null }, "geometry": { "type": "Polygon", "coordinates": [ [ [ -91.293808218345319, 36.989440026798555 ], [ -91.293808596630228, 36.989426298696664 ], [ -91.293842823678375, 36.989426905578561 ], [ -91.293842445399633, 36.98944063368068 ], [ -91.293808218345319, 36.989440026798555 ] ] ] } },
{ "type": "Feature", "properties": { "fid": 162, "lot_no": null, "plot_no": null, "status": null, "full_name": null, "birth_date": null, "death_date": null, "plot_id": null, "obituary": null, "maiden_name": null }, "geometry": { "type": "Polygon", "coordinates": [ [ [ -91.293809731483705, 36.989385114390778 ], [ -91.293809353199421, 36.989398842492776 ], [ -91.293775126164377, 36.989398235601449 ], [ -91.2937755044548, 36.989384507499672 ], [ -91.293809731483705, 36.989385114390778 ] ] ] } },
{ "type": "Feature", "properties": { "fid": 163, "lot_no": null, "plot_no": null, "status": null, "full_name": null, "birth_date": null, "death_date": null, "plot_id": null, "obituary": null, "maiden_name": null }, "geometry": { "type": "Polygon", "coordinates": [ [ [ -91.293809353199421, 36.989398842492776 ], [ -91.293808974914924, 36.989412570594723 ], [ -91.293774747873741, 36.989411963703191 ], [ -91.293775126164377, 36.989398235601449 ], [ -91.293809353199421, 36.989398842492776 ] ] ] } },
{ "type": "Feature", "properties": { "fid": 164, "lot_no": null, "plot_no": null, "status": null, "full_name": null, "birth_date": null, "death_date": null, "plot_id": null, "obituary": null, "maiden_name": null }, "geometry": { "type": "Polygon", "coordinates": [ [ [ -91.293808974914924, 36.989412570594723 ], [ -91.293808596630228, 36.989426298696664 ], [ -91.293774369582891, 36.989425691804897 ], [ -91.293774747873741, 36.989411963703191 ], [ -91.293808974914924, 36.989412570594723 ] ] ] } },
{ "type": "Feature", "properties": { "fid": 165, "lot_no": null, "plot_no": null, "status": null, "full_name": null, "birth_date": null, "death_date": null, "plot_id": null, "obituary": null, "maiden_name": null }, "geometry": { "type": "Polygon", "coordinates": [ [ [ -91.293808596630228, 36.989426298696664 ], [ -91.293808218345319, 36.989440026798555 ], [ -91.293773991291857, 36.989439419906574 ], [ -91.293774369582891, 36.989425691804897 ], [ -91.293808596630228, 36.989426298696664 ] ] ] } },
{ "type": "Feature", "properties": { "fid": 166, "lot_no": null, "plot_no": null, "status": null, "full_name": null, "birth_date": null, "death_date": null, "plot_id": null, "obituary": null, "maiden_name": null }, "geometry": { "type": "Polygon", "coordinates": [ [ [ -91.293809353199421, 36.989398842492776 ], [ -91.293809731483705, 36.989385114390778 ], [ -91.29384395851342, 36.989385721272008 ], [ -91.293843580235276, 36.989399449374226 ], [ -91.293809353199421, 36.989398842492776 ] ] ] } },
{ "type": "Feature", "properties": { "fid": 167, "lot_no": null, "plot_no": null, "status": null, "full_name": null, "birth_date": null, "death_date": null, "plot_id": null, "obituary": null, "maiden_name": null }, "geometry": { "type": "Polygon", "coordinates": [ [ [ -91.293808974914924, 36.989412570594723 ], [ -91.293809353199421, 36.989398842492776 ], [ -91.293843580235276, 36.989399449374226 ], [ -91.293843201956932, 36.989413177476415 ], [ -91.293808974914924, 36.989412570594723 ] ] ] } },
{ "type": "Feature", "properties": { "fid": 168, "lot_no": null, "plot_no": null, "status": null, "full_name": null, "birth_date": null, "death_date": null, "plot_id": null, "obituary": null, "maiden_name": null }, "geometry": { "type": "Polygon", "coordinates": [ [ [ -91.293808596630228, 36.989426298696664 ], [ -91.293808974914924, 36.989412570594723 ], [ -91.293843201956932, 36.989413177476415 ], [ -91.293842823678375, 36.989426905578561 ], [ -91.293808596630228, 36.989426298696664 ] ] ] } },
{ "type": "Feature", "properties": { "fid": 169, "lot_no": null, "plot_no": null, "status": null, "full_name": null, "birth_date": null, "death_date": null, "plot_id": null, "obituary": null, "maiden_name": null }, "geometry": { "type": "Polygon", "coordinates": [ [ [ -91.293806297347956, 36.989500422035071 ], [ -91.293806675633803, 36.989486693933344 ], [ -91.293840902708993, 36.989487300816272 ], [ -91.293840524429285, 36.989501028918241 ], [ -91.293806297347956, 36.989500422035071 ] ] ] } },
{ "type": "Feature", "properties": { "fid": 170, "lot_no": null, "plot_no": null, "status": null, "full_name": null, "birth_date": null, "death_date": null, "plot_id": null, "obituary": null, "maiden_name": null }, "geometry": { "type": "Polygon", "coordinates": [ [ [ -91.293807810490108, 36.989445509627899 ], [ -91.293807432204872, 36.989459237729761 ], [ -91.293773205142799, 36.989458630837397 ], [ -91.293773583434174, 36.989444902735769 ], [ -91.293807810490108, 36.989445509627899 ] ] ] } },
{ "type": "Feature", "properties": { "fid": 171, "lot_no": null, "plot_no": null, "status": null, "full_name": null, "birth_date": null, "death_date": null, "plot_id": null, "obituary": null, "maiden_name": null }, "geometry": { "type": "Polygon", "coordinates": [ [ [ -91.293807432204872, 36.989459237729761 ], [ -91.293807053919437, 36.98947296583156 ], [ -91.29377282685121, 36.989472358938983 ], [ -91.293773205142799, 36.989458630837397 ], [ -91.293807432204872, 36.989459237729761 ] ] ] } },
{ "type": "Feature", "properties": { "fid": 172, "lot_no": null, "plot_no": null, "status": null, "full_name": null, "birth_date": null, "death_date": null, "plot_id": null, "obituary": null, "maiden_name": null }, "geometry": { "type": "Polygon", "coordinates": [ [ [ -91.293807053919437, 36.98947296583156 ], [ -91.293806675633803, 36.989486693933344 ], [ -91.293772448559423, 36.989486087040532 ], [ -91.29377282685121, 36.989472358938983 ], [ -91.293807053919437, 36.98947296583156 ] ] ] } },
{ "type": "Feature", "properties": { "fid": 173, "lot_no": null, "plot_no": null, "status": null, "full_name": null, "birth_date": null, "death_date": null, "plot_id": null, "obituary": null, "maiden_name": null }, "geometry": { "type": "Polygon", "coordinates": [ [ [ -91.293806675633803, 36.989486693933344 ], [ -91.293806297347956, 36.989500422035071 ], [ -91.293772070267437, 36.989499815142054 ], [ -91.293772448559423, 36.989486087040532 ], [ -91.293806675633803, 36.989486693933344 ] ] ] } },
{ "type": "Feature", "properties": { "fid": 174, "lot_no": null, "plot_no": null, "status": null, "full_name": null, "birth_date": null, "death_date": null, "plot_id": null, "obituary": null, "maiden_name": null }, "geometry": { "type": "Polygon", "coordinates": [ [ [ -91.293807432204872, 36.989459237729761 ], [ -91.293807810490108, 36.989445509627899 ], [ -91.293842037546867, 36.989446116510194 ], [ -91.29384165926777, 36.989459844612256 ], [ -91.293807432204872, 36.989459237729761 ] ] ] } },
{ "type": "Feature", "properties": { "fid": 175, "lot_no": null, "plot_no": null, "status": null, "full_name": null, "birth_date": null, "death_date": null, "plot_id": null, "obituary": null, "maiden_name": null }, "geometry": { "type": "Polygon", "coordinates": [ [ [ -91.293807053919437, 36.98947296583156 ], [ -91.293807432204872, 36.989459237729761 ], [ -91.29384165926777, 36.989459844612256 ], [ -91.293841280988502, 36.989473572714282 ], [ -91.293807053919437, 36.98947296583156 ] ] ] } },
{ "type": "Feature", "properties": { "fid": 176, "lot_no": null, "plot_no": null, "status": null, "full_name": null, "birth_date": null, "death_date": null, "plot_id": null, "obituary": null, "maiden_name": null }, "geometry": { "type": "Polygon", "coordinates": [ [ [ -91.293806675633803, 36.989486693933344 ], [ -91.293807053919437, 36.98947296583156 ], [ -91.293841280988502, 36.989473572714282 ], [ -91.293840902708993, 36.989487300816272 ], [ -91.293806675633803, 36.989486693933344 ] ] ] } },
{ "type": "Feature", "properties": { "fid": 177, "lot_no": null, "plot_no": null, "status": null, "full_name": null, "birth_date": null, "death_date": null, "plot_id": null, "obituary": null, "maiden_name": null }, "geometry": { "type": "Polygon", "coordinates": [ [ [ -91.293804412520899, 36.989560818925462 ], [ -91.293804790807712, 36.989547090823855 ], [ -91.293839017909931, 36.989547697707827 ], [ -91.293838639629286, 36.989561425809619 ], [ -91.293804412520899, 36.989560818925462 ] ] ] } },
{ "type": "Feature", "properties": { "fid": 178, "lot_no": null, "plot_no": null, "status": null, "full_name": null, "birth_date": null, "death_date": null, "plot_id": null, "obituary": null, "maiden_name": null }, "geometry": { "type": "Polygon", "coordinates": [ [ [ -91.293805925666831, 36.989505906518893 ], [ -91.293805547380657, 36.989519634620578 ], [ -91.293771320291555, 36.989519027727205 ], [ -91.293771698583868, 36.989505299625726 ], [ -91.293805925666831, 36.989505906518893 ] ] ] } },
{ "type": "Feature", "properties": { "fid": 179, "lot_no": null, "plot_no": null, "status": null, "full_name": null, "birth_date": null, "death_date": null, "plot_id": null, "obituary": null, "maiden_name": null }, "geometry": { "type": "Polygon", "coordinates": [ [ [ -91.293805547380657, 36.989519634620578 ], [ -91.293805169094298, 36.989533362722241 ], [ -91.293770941999014, 36.989532755828641 ], [ -91.293771320291555, 36.989519027727205 ], [ -91.293805547380657, 36.989519634620578 ] ] ] } },
{ "type": "Feature", "properties": { "fid": 180, "lot_no": null, "plot_no": null, "status": null, "full_name": null, "birth_date": null, "death_date": null, "plot_id": null, "obituary": null, "maiden_name": null }, "geometry": { "type": "Polygon", "coordinates": [ [ [ -91.293805169094298, 36.989533362722241 ], [ -91.293804790807712, 36.989547090823855 ], [ -91.293770563706289, 36.989546483930035 ], [ -91.293770941999014, 36.989532755828641 ], [ -91.293805169094298, 36.989533362722241 ] ] ] } },
{ "type": "Feature", "properties": { "fid": 181, "lot_no": null, "plot_no": null, "status": null, "full_name": null, "birth_date": null, "death_date": null, "plot_id": null, "obituary": null, "maiden_name": null }, "geometry": { "type": "Polygon", "coordinates": [ [ [ -91.293804790807712, 36.989547090823855 ], [ -91.293804412520899, 36.989560818925462 ], [ -91.293770185413351, 36.989560212031392 ], [ -91.293770563706289, 36.989546483930035 ], [ -91.293804790807712, 36.989547090823855 ] ] ] } },
{ "type": "Feature", "properties": { "fid": 182, "lot_no": null, "plot_no": null, "status": null, "full_name": null, "birth_date": null, "death_date": null, "plot_id": null, "obituary": null, "maiden_name": null }, "geometry": { "type": "Polygon", "coordinates": [ [ [ -91.293805547380657, 36.989519634620578 ], [ -91.293805925666831, 36.989505906518893 ], [ -91.293840152750633, 36.989506513402212 ], [ -91.293839774470612, 36.989520241504124 ], [ -91.293805547380657, 36.989519634620578 ] ] ] } },
{ "type": "Feature", "properties": { "fid": 183, "lot_no": null, "plot_no": null, "status": null, "full_name": null, "birth_date": null, "death_date": null, "plot_id": null, "obituary": null, "maiden_name": null }, "geometry": { "type": "Polygon", "coordinates": [ [ [ -91.293805169094298, 36.989533362722241 ], [ -91.293805547380657, 36.989519634620578 ], [ -91.293839774470612, 36.989520241504124 ], [ -91.293839396190364, 36.989533969605986 ], [ -91.293805169094298, 36.989533362722241 ] ] ] } },
{ "type": "Feature", "properties": { "fid": 184, "lot_no": null, "plot_no": null, "status": null, "full_name": null, "birth_date": null, "death_date": null, "plot_id": null, "obituary": null, "maiden_name": null }, "geometry": { "type": "Polygon", "coordinates": [ [ [ -91.293804790807712, 36.989547090823855 ], [ -91.293805169094298, 36.989533362722241 ], [ -91.293839396190364, 36.989533969605986 ], [ -91.293839017909931, 36.989547697707827 ], [ -91.293804790807712, 36.989547090823855 ] ] ] } },
{ "type": "Feature", "properties": { "fid": 185, "lot_no": null, "plot_no": null, "status": null, "full_name": null, "birth_date": null, "death_date": null, "plot_id": null, "obituary": null, "maiden_name": null }, "geometry": { "type": "Polygon", "coordinates": [ [ [ -91.293802946222257, 36.989621223784702 ], [ -91.293803324509909, 36.989607495683281 ], [ -91.293837551639186, 36.989608102568148 ], [ -91.293837173357673, 36.98962183066979 ], [ -91.293802946222257, 36.989621223784702 ] ] ] } },
{ "type": "Feature", "properties": { "fid": 186, "lot_no": null, "plot_no": null, "status": null, "full_name": null, "birth_date": null, "death_date": null, "plot_id": null, "obituary": null, "maiden_name": null }, "geometry": { "type": "Polygon", "coordinates": [ [ [ -91.293804459371657, 36.989566311378766 ], [ -91.293804081084616, 36.989580039480302 ], [ -91.293769853968442, 36.989579432586012 ], [ -91.293770232261636, 36.98956570448469 ], [ -91.293804459371657, 36.989566311378766 ] ] ] } },
{ "type": "Feature", "properties": { "fid": 187, "lot_no": null, "plot_no": null, "status": null, "full_name": null, "birth_date": null, "death_date": null, "plot_id": null, "obituary": null, "maiden_name": null }, "geometry": { "type": "Polygon", "coordinates": [ [ [ -91.293804081084616, 36.989580039480302 ], [ -91.293803702797362, 36.989593767581802 ], [ -91.293769475675049, 36.989593160687292 ], [ -91.293769853968442, 36.989579432586012 ], [ -91.293804081084616, 36.989580039480302 ] ] ] } },
{ "type": "Feature", "properties": { "fid": 188, "lot_no": null, "plot_no": null, "status": null, "full_name": null, "birth_date": null, "death_date": null, "plot_id": null, "obituary": null, "maiden_name": null }, "geometry": { "type": "Polygon", "coordinates": [ [ [ -91.293803702797362, 36.989593767581802 ], [ -91.293803324509909, 36.989607495683281 ], [ -91.293769097381443, 36.989606888788536 ], [ -91.293769475675049, 36.989593160687292 ], [ -91.293803702797362, 36.989593767581802 ] ] ] } },
{ "type": "Feature", "properties": { "fid": 189, "lot_no": null, "plot_no": null, "status": null, "full_name": null, "birth_date": null, "death_date": null, "plot_id": null, "obituary": null, "maiden_name": null }, "geometry": { "type": "Polygon", "coordinates": [ [ [ -91.293803324509909, 36.989607495683281 ], [ -91.293802946222257, 36.989621223784702 ], [ -91.293768719087652, 36.989620616889752 ], [ -91.293769097381443, 36.989606888788536 ], [ -91.293803324509909, 36.989607495683281 ] ] ] } },
{ "type": "Feature", "properties": { "fid": 190, "lot_no": null, "plot_no": null, "status": null, "full_name": null, "birth_date": null, "death_date": null, "plot_id": null, "obituary": null, "maiden_name": null }, "geometry": { "type": "Polygon", "coordinates": [ [ [ -91.293804081084616, 36.989580039480302 ], [ -91.293804459371657, 36.989566311378766 ], [ -91.293838686482474, 36.989566918262973 ], [ -91.293838308201586, 36.989580646364736 ], [ -91.293804081084616, 36.989580039480302 ] ] ] } },
{ "type": "Feature", "properties": { "fid": 191, "lot_no": null, "plot_no": null, "status": null, "full_name": null, "birth_date": null, "death_date": null, "plot_id": null, "obituary": null, "maiden_name": null }, "geometry": { "type": "Polygon", "coordinates": [ [ [ -91.293803702797362, 36.989593767581802 ], [ -91.293804081084616, 36.989580039480302 ], [ -91.293838308201586, 36.989580646364736 ], [ -91.293837929920485, 36.989594374466449 ], [ -91.293803702797362, 36.989593767581802 ] ] ] } },
{ "type": "Feature", "properties": { "fid": 192, "lot_no": null, "plot_no": null, "status": null, "full_name": null, "birth_date": null, "death_date": null, "plot_id": null, "obituary": null, "maiden_name": null }, "geometry": { "type": "Polygon", "coordinates": [ [ [ -91.293803324509909, 36.989607495683281 ], [ -91.293803702797362, 36.989593767581802 ], [ -91.293837929920485, 36.989594374466449 ], [ -91.293837551639186, 36.989608102568148 ], [ -91.293803324509909, 36.989607495683281 ] ] ] } },
{ "type": "Feature", "properties": { "fid": 193, "lot_no": null, "plot_no": null, "status": null, "full_name": null, "birth_date": null, "death_date": null, "plot_id": null, "obituary": null, "maiden_name": null }, "geometry": { "type": "Polygon", "coordinates": [ [ [ -91.293885332605328, 36.989380910420216 ], [ -91.29388571087577, 36.989367182317672 ], [ -91.293919937898664, 36.989367789176875 ], [ -91.293919559634361, 36.989381517279632 ], [ -91.293885332605328, 36.989380910420216 ] ] ] } },
{ "type": "Feature", "properties": { "fid": 194, "lot_no": null, "plot_no": null, "status": null, "full_name": null, "birth_date": null, "death_date": null, "plot_id": null, "obituary": null, "maiden_name": null }, "geometry": { "type": "Polygon", "coordinates": [ [ [ -91.29388684568589, 36.989325998009889 ], [ -91.293886467416044, 36.989339726112512 ], [ -91.293852240406267, 36.989339119243894 ], [ -91.293852618682251, 36.989325391141485 ], [ -91.29388684568589, 36.989325998009889 ] ] ] } },
{ "type": "Feature", "properties": { "fid": 195, "lot_no": null, "plot_no": null, "status": null, "full_name": null, "birth_date": null, "death_date": null, "plot_id": null, "obituary": null, "maiden_name": null }, "geometry": { "type": "Polygon", "coordinates": [ [ [ -91.293886467416044, 36.989339726112512 ], [ -91.293886089146014, 36.989353454215113 ], [ -91.293851862130083, 36.989352847346275 ], [ -91.293852240406267, 36.989339119243894 ], [ -91.293886467416044, 36.989339726112512 ] ] ] } },
{ "type": "Feature", "properties": { "fid": 196, "lot_no": null, "plot_no": null, "status": null, "full_name": null, "birth_date": null, "death_date": null, "plot_id": null, "obituary": null, "maiden_name": null }, "geometry": { "type": "Polygon", "coordinates": [ [ [ -91.293886089146014, 36.989353454215113 ], [ -91.29388571087577, 36.989367182317672 ], [ -91.2938514838537, 36.989366575448628 ], [ -91.293851862130083, 36.989352847346275 ], [ -91.293886089146014, 36.989353454215113 ] ] ] } },
{ "type": "Feature", "properties": { "fid": 197, "lot_no": null, "plot_no": null, "status": null, "full_name": null, "birth_date": null, "death_date": null, "plot_id": null, "obituary": null, "maiden_name": null }, "geometry": { "type": "Polygon", "coordinates": [ [ [ -91.29388571087577, 36.989367182317672 ], [ -91.293885332605328, 36.989380910420216 ], [ -91.293851105577104, 36.989380303550931 ], [ -91.2938514838537, 36.989366575448628 ], [ -91.29388571087577, 36.989367182317672 ] ] ] } },
{ "type": "Feature", "properties": { "fid": 198, "lot_no": null, "plot_no": null, "status": null, "full_name": null, "birth_date": null, "death_date": null, "plot_id": null, "obituary": null, "maiden_name": null }, "geometry": { "type": "Polygon", "coordinates": [ [ [ -91.293886467416044, 36.989339726112512 ], [ -91.29388684568589, 36.989325998009889 ], [ -91.293921072690353, 36.989326604868431 ], [ -91.29392069442666, 36.989340332971274 ], [ -91.293886467416044, 36.989339726112512 ] ] ] } },
{ "type": "Feature", "properties": { "fid": 199, "lot_no": null, "plot_no": null, "status": null, "full_name": null, "birth_date": null, "death_date": null, "plot_id": null, "obituary": null, "maiden_name": null }, "geometry": { "type": "Polygon", "coordinates": [ [ [ -91.293886089146014, 36.989353454215113 ], [ -91.293886467416044, 36.989339726112512 ], [ -91.29392069442666, 36.989340332971274 ], [ -91.293920316162769, 36.989354061074089 ], [ -91.293886089146014, 36.989353454215113 ] ] ] } },
{ "type": "Feature", "properties": { "fid": 200, "lot_no": null, "plot_no": null, "status": null, "full_name": null, "birth_date": null, "death_date": null, "plot_id": null, "obituary": null, "maiden_name": null }, "geometry": { "type": "Polygon", "coordinates": [ [ [ -91.29388571087577, 36.989367182317672 ], [ -91.293886089146014, 36.989353454215113 ], [ -91.293920316162769, 36.989354061074089 ], [ -91.293919937898664, 36.989367789176875 ], [ -91.29388571087577, 36.989367182317672 ] ] ] } },
{ "type": "Feature", "properties": { "fid": 201, "lot_no": null, "plot_no": null, "status": null, "full_name": null, "birth_date": null, "death_date": null, "plot_id": null, "obituary": null, "maiden_name": null }, "geometry": { "type": "Polygon", "coordinates": [ [ [ -91.293883518988636, 36.989441310118949 ], [ -91.293883897260031, 36.98942758201656 ], [ -91.293918124309954, 36.989428188876779 ], [ -91.293917746044741, 36.989441916979374 ], [ -91.293883518988636, 36.989441310118949 ] ] ] } },
{ "type": "Feature", "properties": { "fid": 202, "lot_no": null, "plot_no": null, "status": null, "full_name": null, "birth_date": null, "death_date": null, "plot_id": null, "obituary": null, "maiden_name": null }, "geometry": { "type": "Polygon", "coordinates": [ [ [ -91.293885032072936, 36.989386397709232 ], [ -91.293884653802166, 36.989400125811713 ], [ -91.293850426765346, 36.989399518942079 ], [ -91.293850805042254, 36.989385790839819 ], [ -91.293885032072936, 36.989386397709232 ] ] ] } },
{ "type": "Feature", "properties": { "fid": 203, "lot_no": null, "plot_no": null, "status": null, "full_name": null, "birth_date": null, "death_date": null, "plot_id": null, "obituary": null, "maiden_name": null }, "geometry": { "type": "Polygon", "coordinates": [ [ [ -91.293884653802166, 36.989400125811713 ], [ -91.293884275531212, 36.989413853914158 ], [ -91.293850048488224, 36.989413247044311 ], [ -91.293850426765346, 36.989399518942079 ], [ -91.293884653802166, 36.989400125811713 ] ] ] } },
{ "type": "Feature", "properties": { "fid": 204, "lot_no": null, "plot_no": null, "status": null, "full_name": null, "birth_date": null, "death_date": null, "plot_id": null, "obituary": null, "maiden_name": null }, "geometry": { "type": "Polygon", "coordinates": [ [ [ -91.293884275531212, 36.989413853914158 ], [ -91.293883897260031, 36.98942758201656 ], [ -91.293849670210903, 36.9894269751465 ], [ -91.293850048488224, 36.989413247044311 ], [ -91.293884275531212, 36.989413853914158 ] ] ] } },
{ "type": "Feature", "properties": { "fid": 205, "lot_no": null, "plot_no": null, "status": null, "full_name": null, "birth_date": null, "death_date": null, "plot_id": null, "obituary": null, "maiden_name": null }, "geometry": { "type": "Polygon", "coordinates": [ [ [ -91.293883897260031, 36.98942758201656 ], [ -91.293883518988636, 36.989441310118949 ], [ -91.293849291933384, 36.989440703248661 ], [ -91.293849670210903, 36.9894269751465 ], [ -91.293883897260031, 36.98942758201656 ] ] ] } },
{ "type": "Feature", "properties": { "fid": 206, "lot_no": null, "plot_no": null, "status": null, "full_name": null, "birth_date": null, "death_date": null, "plot_id": null, "obituary": null, "maiden_name": null }, "geometry": { "type": "Polygon", "coordinates": [ [ [ -91.293884653802166, 36.989400125811713 ], [ -91.293885032072936, 36.989386397709232 ], [ -91.293919259104428, 36.989387004568776 ], [ -91.293918880839797, 36.989400732671484 ], [ -91.293884653802166, 36.989400125811713 ] ] ] } },
{ "type": "Feature", "properties": { "fid": 207, "lot_no": null, "plot_no": null, "status": null, "full_name": null, "birth_date": null, "death_date": null, "plot_id": null, "obituary": null, "maiden_name": null }, "geometry": { "type": "Polygon", "coordinates": [ [ [ -91.293884275531212, 36.989413853914158 ], [ -91.293884653802166, 36.989400125811713 ], [ -91.293918880839797, 36.989400732671484 ], [ -91.293918502574982, 36.989414460774142 ], [ -91.293884275531212, 36.989413853914158 ] ] ] } },
{ "type": "Feature", "properties": { "fid": 208, "lot_no": null, "plot_no": null, "status": null, "full_name": null, "birth_date": null, "death_date": null, "plot_id": null, "obituary": null, "maiden_name": null }, "geometry": { "type": "Polygon", "coordinates": [ [ [ -91.293883897260031, 36.98942758201656 ], [ -91.293884275531212, 36.989413853914158 ], [ -91.293918502574982, 36.989414460774142 ], [ -91.293918124309954, 36.989428188876779 ], [ -91.293883897260031, 36.98942758201656 ] ] ] } },
{ "type": "Feature", "properties": { "fid": 209, "lot_no": null, "plot_no": null, "status": null, "full_name": null, "birth_date": null, "death_date": null, "plot_id": null, "obituary": null, "maiden_name": null }, "geometry": { "type": "Polygon", "coordinates": [ [ [ -91.293881598050746, 36.989501705357746 ], [ -91.293881976323092, 36.989487977255536 ], [ -91.293916203400059, 36.989488584116771 ], [ -91.29391582513388, 36.989502312219209 ], [ -91.293881598050746, 36.989501705357746 ] ] ] } },
{ "type": "Feature", "properties": { "fid": 210, "lot_no": null, "plot_no": null, "status": null, "full_name": null, "birth_date": null, "death_date": null, "plot_id": null, "obituary": null, "maiden_name": null }, "geometry": { "type": "Polygon", "coordinates": [ [ [ -91.293883111138825, 36.989446792948655 ], [ -91.293882732867118, 36.989460521050972 ], [ -91.293848505803254, 36.989459914180308 ], [ -91.293848884081115, 36.989446186078212 ], [ -91.293883111138825, 36.989446792948655 ] ] ] } },
{ "type": "Feature", "properties": { "fid": 211, "lot_no": null, "plot_no": null, "status": null, "full_name": null, "birth_date": null, "death_date": null, "plot_id": null, "obituary": null, "maiden_name": null }, "geometry": { "type": "Polygon", "coordinates": [ [ [ -91.293882732867118, 36.989460521050972 ], [ -91.293882354595212, 36.989474249153268 ], [ -91.293848127525195, 36.989473642282377 ], [ -91.293848505803254, 36.989459914180308 ], [ -91.293882732867118, 36.989460521050972 ] ] ] } },
{ "type": "Feature", "properties": { "fid": 212, "lot_no": null, "plot_no": null, "status": null, "full_name": null, "birth_date": null, "death_date": null, "plot_id": null, "obituary": null, "maiden_name": null }, "geometry": { "type": "Polygon", "coordinates": [ [ [ -91.293882354595212, 36.989474249153268 ], [ -91.293881976323092, 36.989487977255536 ], [ -91.293847749246936, 36.989487370384417 ], [ -91.293848127525195, 36.989473642282377 ], [ -91.293882354595212, 36.989474249153268 ] ] ] } },
{ "type": "Feature", "properties": { "fid": 213, "lot_no": null, "plot_no": null, "status": null, "full_name": null, "birth_date": null, "death_date": null, "plot_id": null, "obituary": null, "maiden_name": null }, "geometry": { "type": "Polygon", "coordinates": [ [ [ -91.293881976323092, 36.989487977255536 ], [ -91.293881598050746, 36.989501705357746 ], [ -91.29384737096845, 36.989501098486421 ], [ -91.293847749246936, 36.989487370384417 ], [ -91.293881976323092, 36.989487977255536 ] ] ] } },
{ "type": "Feature", "properties": { "fid": 214, "lot_no": null, "plot_no": null, "status": null, "full_name": null, "birth_date": null, "death_date": null, "plot_id": null, "obituary": null, "maiden_name": null }, "geometry": { "type": "Polygon", "coordinates": [ [ [ -91.293882732867118, 36.989460521050972 ], [ -91.293883111138825, 36.989446792948655 ], [ -91.29391733819736, 36.989447399809237 ], [ -91.293916959931806, 36.989461127911774 ], [ -91.293882732867118, 36.989460521050972 ] ] ] } },
{ "type": "Feature", "properties": { "fid": 215, "lot_no": null, "plot_no": null, "status": null, "full_name": null, "birth_date": null, "death_date": null, "plot_id": null, "obituary": null, "maiden_name": null }, "geometry": { "type": "Polygon", "coordinates": [ [ [ -91.293882354595212, 36.989474249153268 ], [ -91.293882732867118, 36.989460521050972 ], [ -91.293916959931806, 36.989461127911774 ], [ -91.293916581666025, 36.98947485601429 ], [ -91.293882354595212, 36.989474249153268 ] ] ] } },
{ "type": "Feature", "properties": { "fid": 216, "lot_no": null, "plot_no": null, "status": null, "full_name": null, "birth_date": null, "death_date": null, "plot_id": null, "obituary": null, "maiden_name": null }, "geometry": { "type": "Polygon", "coordinates": [ [ [ -91.293881976323092, 36.989487977255536 ], [ -91.293882354595212, 36.989474249153268 ], [ -91.293916581666025, 36.98947485601429 ], [ -91.293916203400059, 36.989488584116771 ], [ -91.293881976323092, 36.989487977255536 ] ] ] } },
{ "type": "Feature", "properties": { "fid": 217, "lot_no": null, "plot_no": null, "status": null, "full_name": null, "birth_date": null, "death_date": null, "plot_id": null, "obituary": null, "maiden_name": null }, "geometry": { "type": "Polygon", "coordinates": [ [ [ -91.293879713283204, 36.989562102250375 ], [ -91.293880091556474, 36.989548374148313 ], [ -91.293914318660484, 36.989548981010586 ], [ -91.293913940393352, 36.98956270911286 ], [ -91.293879713283204, 36.989562102250375 ] ] ] } },
{ "type": "Feature", "properties": { "fid": 218, "lot_no": null, "plot_no": null, "status": null, "full_name": null, "birth_date": null, "death_date": null, "plot_id": null, "obituary": null, "maiden_name": null }, "geometry": { "type": "Polygon", "coordinates": [ [ [ -91.293881226375035, 36.989507189841902 ], [ -91.29388084810239, 36.989520917944077 ], [ -91.293846621011497, 36.989520311072383 ], [ -91.293846999290295, 36.989506582970435 ], [ -91.293881226375035, 36.989507189841902 ] ] ] } },
{ "type": "Feature", "properties": { "fid": 219, "lot_no": null, "plot_no": null, "status": null, "full_name": null, "birth_date": null, "death_date": null, "plot_id": null, "obituary": null, "maiden_name": null }, "geometry": { "type": "Polygon", "coordinates": [ [ [ -91.29388084810239, 36.989520917944077 ], [ -91.293880469829531, 36.989534646046202 ], [ -91.293846242732471, 36.989534039174302 ], [ -91.293846621011497, 36.989520311072383 ], [ -91.29388084810239, 36.989520917944077 ] ] ] } },
{ "type": "Feature", "properties": { "fid": 220, "lot_no": null, "plot_no": null, "status": null, "full_name": null, "birth_date": null, "death_date": null, "plot_id": null, "obituary": null, "maiden_name": null }, "geometry": { "type": "Polygon", "coordinates": [ [ [ -91.293880469829531, 36.989534646046202 ], [ -91.293880091556474, 36.989548374148313 ], [ -91.293845864453274, 36.989547767276179 ], [ -91.293846242732471, 36.989534039174302 ], [ -91.293880469829531, 36.989534646046202 ] ] ] } },
{ "type": "Feature", "properties": { "fid": 221, "lot_no": null, "plot_no": null, "status": null, "full_name": null, "birth_date": null, "death_date": null, "plot_id": null, "obituary": null, "maiden_name": null }, "geometry": { "type": "Polygon", "coordinates": [ [ [ -91.293880091556474, 36.989548374148313 ], [ -91.293879713283204, 36.989562102250375 ], [ -91.293845486173865, 36.989561495378034 ], [ -91.293845864453274, 36.989547767276179 ], [ -91.293880091556474, 36.989548374148313 ] ] ] } },
{ "type": "Feature", "properties": { "fid": 222, "lot_no": null, "plot_no": null, "status": null, "full_name": null, "birth_date": null, "death_date": null, "plot_id": null, "obituary": null, "maiden_name": null }, "geometry": { "type": "Polygon", "coordinates": [ [ [ -91.29388084810239, 36.989520917944077 ], [ -91.293881226375035, 36.989507189841902 ], [ -91.293915453460599, 36.989507796703514 ], [ -91.293915075194107, 36.989521524805902 ], [ -91.29388084810239, 36.989520917944077 ] ] ] } },
{ "type": "Feature", "properties": { "fid": 223, "lot_no": null, "plot_no": null, "status": null, "full_name": null, "birth_date": null, "death_date": null, "plot_id": null, "obituary": null, "maiden_name": null }, "geometry": { "type": "Polygon", "coordinates": [ [ [ -91.293880469829531, 36.989534646046202 ], [ -91.29388084810239, 36.989520917944077 ], [ -91.293915075194107, 36.989521524805902 ], [ -91.293914696927388, 36.989535252908261 ], [ -91.293880469829531, 36.989534646046202 ] ] ] } },
{ "type": "Feature", "properties": { "fid": 224, "lot_no": null, "plot_no": null, "status": null, "full_name": null, "birth_date": null, "death_date": null, "plot_id": null, "obituary": null, "maiden_name": null }, "geometry": { "type": "Polygon", "coordinates": [ [ [ -91.293880091556474, 36.989548374148313 ], [ -91.293880469829531, 36.989534646046202 ], [ -91.293914696927388, 36.989535252908261 ], [ -91.293914318660484, 36.989548981010586 ], [ -91.293880091556474, 36.989548374148313 ] ] ] } },
{ "type": "Feature", "properties": { "fid": 225, "lot_no": null, "plot_no": null, "status": null, "full_name": null, "birth_date": null, "death_date": null, "plot_id": null, "obituary": null, "maiden_name": null }, "geometry": { "type": "Polygon", "coordinates": [ [ [ -91.293878247044063, 36.989622507111633 ], [ -91.293878625318186, 36.989608779009721 ], [ -91.293912852449253, 36.989609385872882 ], [ -91.293912474181255, 36.989623113975028 ], [ -91.293878247044063, 36.989622507111633 ] ] ] } },
{ "type": "Feature", "properties": { "fid": 226, "lot_no": null, "plot_no": null, "status": null, "full_name": null, "birth_date": null, "death_date": null, "plot_id": null, "obituary": null, "maiden_name": null }, "geometry": { "type": "Polygon", "coordinates": [ [ [ -91.293879760139362, 36.989567594703772 ], [ -91.29387938186585, 36.989581322805776 ], [ -91.293845154747899, 36.989580715933194 ], [ -91.293845533027564, 36.989566987831374 ], [ -91.293879760139362, 36.989567594703772 ] ] ] } },
{ "type": "Feature", "properties": { "fid": 227, "lot_no": null, "plot_no": null, "status": null, "full_name": null, "birth_date": null, "death_date": null, "plot_id": null, "obituary": null, "maiden_name": null }, "geometry": { "type": "Polygon", "coordinates": [ [ [ -91.29387938186585, 36.989581322805776 ], [ -91.293879003592124, 36.989595050907774 ], [ -91.293844776468035, 36.989594444034942 ], [ -91.293845154747899, 36.989580715933194 ], [ -91.29387938186585, 36.989581322805776 ] ] ] } },
{ "type": "Feature", "properties": { "fid": 228, "lot_no": null, "plot_no": null, "status": null, "full_name": null, "birth_date": null, "death_date": null, "plot_id": null, "obituary": null, "maiden_name": null }, "geometry": { "type": "Polygon", "coordinates": [ [ [ -91.293879003592124, 36.989595050907774 ], [ -91.293878625318186, 36.989608779009721 ], [ -91.293844398187957, 36.989608172136677 ], [ -91.293844776468035, 36.989594444034942 ], [ -91.293879003592124, 36.989595050907774 ] ] ] } },
{ "type": "Feature", "properties": { "fid": 229, "lot_no": null, "plot_no": null, "status": null, "full_name": null, "birth_date": null, "death_date": null, "plot_id": null, "obituary": null, "maiden_name": null }, "geometry": { "type": "Polygon", "coordinates": [ [ [ -91.293878625318186, 36.989608779009721 ], [ -91.293878247044063, 36.989622507111633 ], [ -91.293844019907667, 36.989621900238376 ], [ -91.293844398187957, 36.989608172136677 ], [ -91.293878625318186, 36.989608779009721 ] ] ] } },
{ "type": "Feature", "properties": { "fid": 230, "lot_no": null, "plot_no": null, "status": null, "full_name": null, "birth_date": null, "death_date": null, "plot_id": null, "obituary": null, "maiden_name": null }, "geometry": { "type": "Polygon", "coordinates": [ [ [ -91.29387938186585, 36.989581322805776 ], [ -91.293879760139362, 36.989567594703772 ], [ -91.293913987251983, 36.989568201566279 ], [ -91.29391360898461, 36.98958192966851 ], [ -91.29387938186585, 36.989581322805776 ] ] ] } },
{ "type": "Feature", "properties": { "fid": 231, "lot_no": null, "plot_no": null, "status": null, "full_name": null, "birth_date": null, "death_date": null, "plot_id": null, "obituary": null, "maiden_name": null }, "geometry": { "type": "Polygon", "coordinates": [ [ [ -91.293879003592124, 36.989595050907774 ], [ -91.29387938186585, 36.989581322805776 ], [ -91.29391360898461, 36.98958192966851 ], [ -91.293913230717024, 36.989595657770728 ], [ -91.293879003592124, 36.989595050907774 ] ] ] } },
{ "type": "Feature", "properties": { "fid": 232, "lot_no": null, "plot_no": null, "status": null, "full_name": null, "birth_date": null, "death_date": null, "plot_id": null, "obituary": null, "maiden_name": null }, "geometry": { "type": "Polygon", "coordinates": [ [ [ -91.293878625318186, 36.989608779009721 ], [ -91.293879003592124, 36.989595050907774 ], [ -91.293913230717024, 36.989595657770728 ], [ -91.293912852449253, 36.989609385872882 ], [ -91.293878625318186, 36.989608779009721 ] ] ] } },
{ "type": "Feature", "properties": { "fid": 233, "lot_no": null, "plot_no": null, "status": null, "full_name": null, "birth_date": null, "death_date": null, "plot_id": null, "obituary": null, "maiden_name": null }, "geometry": { "type": "Polygon", "coordinates": [ [ [ -91.293960633193024, 36.989382193690652 ], [ -91.293961011449952, 36.989368465587631 ], [ -91.293995238474622, 36.989369072425141 ], [ -91.293994860223847, 36.989382800528382 ], [ -91.293960633193024, 36.989382193690652 ] ] ] } },
{ "type": "Feature", "properties": { "fid": 234, "lot_no": null, "plot_no": null, "status": null, "full_name": null, "birth_date": null, "death_date": null, "plot_id": null, "obituary": null, "maiden_name": null }, "geometry": { "type": "Polygon", "coordinates": [ [ [ -91.293962146219499, 36.989327281278392 ], [ -91.293961767963197, 36.989341009381512 ], [ -91.293927540951614, 36.989340402534594 ], [ -91.293927919214084, 36.989326674431695 ], [ -91.293962146219499, 36.989327281278392 ] ] ] } },
{ "type": "Feature", "properties": { "fid": 235, "lot_no": null, "plot_no": null, "status": null, "full_name": null, "birth_date": null, "death_date": null, "plot_id": null, "obituary": null, "maiden_name": null }, "geometry": { "type": "Polygon", "coordinates": [ [ [ -91.293961767963197, 36.989341009381512 ], [ -91.293961389706681, 36.989354737484597 ], [ -91.293927162688959, 36.989354130637444 ], [ -91.293927540951614, 36.989340402534594 ], [ -91.293961767963197, 36.989341009381512 ] ] ] } },
{ "type": "Feature", "properties": { "fid": 236, "lot_no": null, "plot_no": null, "status": null, "full_name": null, "birth_date": null, "death_date": null, "plot_id": null, "obituary": null, "maiden_name": null }, "geometry": { "type": "Polygon", "coordinates": [ [ [ -91.293961389706681, 36.989354737484597 ], [ -91.293961011449952, 36.989368465587631 ], [ -91.293926784426091, 36.989367858740287 ], [ -91.293927162688959, 36.989354130637444 ], [ -91.293961389706681, 36.989354737484597 ] ] ] } },
{ "type": "Feature", "properties": { "fid": 237, "lot_no": null, "plot_no": null, "status": null, "full_name": null, "birth_date": null, "death_date": null, "plot_id": null, "obituary": null, "maiden_name": null }, "geometry": { "type": "Polygon", "coordinates": [ [ [ -91.293961011449952, 36.989368465587631 ], [ -91.293960633193024, 36.989382193690652 ], [ -91.293926406163024, 36.989381586843081 ], [ -91.293926784426091, 36.989367858740287 ], [ -91.293961011449952, 36.989368465587631 ] ] ] } },
{ "type": "Feature", "properties": { "fid": 238, "lot_no": null, "plot_no": null, "status": null, "full_name": null, "birth_date": null, "death_date": null, "plot_id": null, "obituary": null, "maiden_name": null }, "geometry": { "type": "Polygon", "coordinates": [ [ [ -91.293961767963197, 36.989341009381512 ], [ -91.293962146219499, 36.989327281278392 ], [ -91.293996373225738, 36.989327888115248 ], [ -91.293995994975575, 36.989341616218582 ], [ -91.293961767963197, 36.989341009381512 ] ] ] } },
{ "type": "Feature", "properties": { "fid": 239, "lot_no": null, "plot_no": null, "status": null, "full_name": null, "birth_date": null, "death_date": null, "plot_id": null, "obituary": null, "maiden_name": null }, "geometry": { "type": "Polygon", "coordinates": [ [ [ -91.293961389706681, 36.989354737484597 ], [ -91.293961767963197, 36.989341009381512 ], [ -91.293995994975575, 36.989341616218582 ], [ -91.293995616725198, 36.989355344321879 ], [ -91.293961389706681, 36.989354737484597 ] ] ] } },
{ "type": "Feature", "properties": { "fid": 240, "lot_no": null, "plot_no": null, "status": null, "full_name": null, "birth_date": null, "death_date": null, "plot_id": null, "obituary": null, "maiden_name": null }, "geometry": { "type": "Polygon", "coordinates": [ [ [ -91.293961011449952, 36.989368465587631 ], [ -91.293961389706681, 36.989354737484597 ], [ -91.293995616725198, 36.989355344321879 ], [ -91.293995238474622, 36.989369072425141 ], [ -91.293961011449952, 36.989368465587631 ] ] ] } },
{ "type": "Feature", "properties": { "fid": 241, "lot_no": null, "plot_no": null, "status": null, "full_name": null, "birth_date": null, "death_date": null, "plot_id": null, "obituary": null, "maiden_name": null }, "geometry": { "type": "Polygon", "coordinates": [ [ [ -91.293958819635847, 36.989442593391601 ], [ -91.293959197893699, 36.989428865288744 ], [ -91.293993424945413, 36.989429472127249 ], [ -91.2939930466937, 36.989443200230333 ], [ -91.293958819635847, 36.989442593391601 ] ] ] } },
{ "type": "Feature", "properties": { "fid": 242, "lot_no": null, "plot_no": null, "status": null, "full_name": null, "birth_date": null, "death_date": null, "plot_id": null, "obituary": null, "maiden_name": null }, "geometry": { "type": "Polygon", "coordinates": [ [ [ -91.293960332666018, 36.989387680979974 ], [ -91.293959954408805, 36.989401409082916 ], [ -91.29392572737018, 36.989400802234989 ], [ -91.293926105633574, 36.989387074132253 ], [ -91.293960332666018, 36.989387680979974 ] ] ] } },
{ "type": "Feature", "properties": { "fid": 243, "lot_no": null, "plot_no": null, "status": null, "full_name": null, "birth_date": null, "death_date": null, "plot_id": null, "obituary": null, "maiden_name": null }, "geometry": { "type": "Polygon", "coordinates": [ [ [ -91.293959954408805, 36.989401409082916 ], [ -91.293959576151352, 36.989415137185837 ], [ -91.293925349106587, 36.989414530337697 ], [ -91.29392572737018, 36.989400802234989 ], [ -91.293959954408805, 36.989401409082916 ] ] ] } },
{ "type": "Feature", "properties": { "fid": 244, "lot_no": null, "plot_no": null, "status": null, "full_name": null, "birth_date": null, "death_date": null, "plot_id": null, "obituary": null, "maiden_name": null }, "geometry": { "type": "Polygon", "coordinates": [ [ [ -91.293959576151352, 36.989415137185837 ], [ -91.293959197893699, 36.989428865288744 ], [ -91.293924970842795, 36.989428258440377 ], [ -91.293925349106587, 36.989414530337697 ], [ -91.293959576151352, 36.989415137185837 ] ] ] } },
{ "type": "Feature", "properties": { "fid": 245, "lot_no": null, "plot_no": null, "status": null, "full_name": null, "birth_date": null, "death_date": null, "plot_id": null, "obituary": null, "maiden_name": null }, "geometry": { "type": "Polygon", "coordinates": [ [ [ -91.293959197893699, 36.989428865288744 ], [ -91.293958819635847, 36.989442593391601 ], [ -91.293924592578804, 36.989441986543007 ], [ -91.293924970842795, 36.989428258440377 ], [ -91.293959197893699, 36.989428865288744 ] ] ] } },
{ "type": "Feature", "properties": { "fid": 246, "lot_no": null, "plot_no": null, "status": null, "full_name": null, "birth_date": null, "death_date": null, "plot_id": null, "obituary": null, "maiden_name": null }, "geometry": { "type": "Polygon", "coordinates": [ [ [ -91.293959954408805, 36.989401409082916 ], [ -91.293960332666018, 36.989387680979974 ], [ -91.2939945596993, 36.989388287817818 ], [ -91.293994181448213, 36.989402015920994 ], [ -91.293959954408805, 36.989401409082916 ] ] ] } },
{ "type": "Feature", "properties": { "fid": 247, "lot_no": null, "plot_no": null, "status": null, "full_name": null, "birth_date": null, "death_date": null, "plot_id": null, "obituary": null, "maiden_name": null }, "geometry": { "type": "Polygon", "coordinates": [ [ [ -91.293959576151352, 36.989415137185837 ], [ -91.293959954408805, 36.989401409082916 ], [ -91.293994181448213, 36.989402015920994 ], [ -91.293993803196912, 36.989415744024136 ], [ -91.293959576151352, 36.989415137185837 ] ] ] } },
{ "type": "Feature", "properties": { "fid": 248, "lot_no": null, "plot_no": null, "status": null, "full_name": null, "birth_date": null, "death_date": null, "plot_id": null, "obituary": null, "maiden_name": null }, "geometry": { "type": "Polygon", "coordinates": [ [ [ -91.293959197893699, 36.989428865288744 ], [ -91.293959576151352, 36.989415137185837 ], [ -91.293993803196912, 36.989415744024136 ], [ -91.293993424945413, 36.989429472127249 ], [ -91.293959197893699, 36.989428865288744 ] ] ] } },
{ "type": "Feature", "properties": { "fid": 249, "lot_no": null, "plot_no": null, "status": null, "full_name": null, "birth_date": null, "death_date": null, "plot_id": null, "obituary": null, "maiden_name": null }, "geometry": { "type": "Polygon", "coordinates": [ [ [ -91.293956898757429, 36.989502988632687 ], [ -91.293957277016233, 36.989489260529972 ], [ -91.29399150409499, 36.989489867369528 ], [ -91.293991125842339, 36.989503595472449 ], [ -91.293956898757429, 36.989502988632687 ] ] ] } },
{ "type": "Feature", "properties": { "fid": 250, "lot_no": null, "plot_no": null, "status": null, "full_name": null, "birth_date": null, "death_date": null, "plot_id": null, "obituary": null, "maiden_name": null }, "geometry": { "type": "Polygon", "coordinates": [ [ [ -91.293958411791408, 36.989448076221656 ], [ -91.293958033533215, 36.989461804324478 ], [ -91.293923806467589, 36.989461197475499 ], [ -91.293924184731921, 36.989447469372926 ], [ -91.293958411791408, 36.989448076221656 ] ] ] } },
{ "type": "Feature", "properties": { "fid": 251, "lot_no": null, "plot_no": null, "status": null, "full_name": null, "birth_date": null, "death_date": null, "plot_id": null, "obituary": null, "maiden_name": null }, "geometry": { "type": "Polygon", "coordinates": [ [ [ -91.293958033533215, 36.989461804324478 ], [ -91.293957655274824, 36.989475532427242 ], [ -91.293923428203044, 36.989474925578051 ], [ -91.293923806467589, 36.989461197475499 ], [ -91.293958033533215, 36.989461804324478 ] ] ] } },
{ "type": "Feature", "properties": { "fid": 252, "lot_no": null, "plot_no": null, "status": null, "full_name": null, "birth_date": null, "death_date": null, "plot_id": null, "obituary": null, "maiden_name": null }, "geometry": { "type": "Polygon", "coordinates": [ [ [ -91.293957655274824, 36.989475532427242 ], [ -91.293957277016233, 36.989489260529972 ], [ -91.2939230499383, 36.989488653680574 ], [ -91.293923428203044, 36.989474925578051 ], [ -91.293957655274824, 36.989475532427242 ] ] ] } },
{ "type": "Feature", "properties": { "fid": 253, "lot_no": null, "plot_no": null, "status": null, "full_name": null, "birth_date": null, "death_date": null, "plot_id": null, "obituary": null, "maiden_name": null }, "geometry": { "type": "Polygon", "coordinates": [ [ [ -91.293957277016233, 36.989489260529972 ], [ -91.293956898757429, 36.989502988632687 ], [ -91.293922671673343, 36.989502381783055 ], [ -91.2939230499383, 36.989488653680574 ], [ -91.293957277016233, 36.989489260529972 ] ] ] } },
{ "type": "Feature", "properties": { "fid": 254, "lot_no": null, "plot_no": null, "status": null, "full_name": null, "birth_date": null, "death_date": null, "plot_id": null, "obituary": null, "maiden_name": null }, "geometry": { "type": "Polygon", "coordinates": [ [ [ -91.293958033533215, 36.989461804324478 ], [ -91.293958411791408, 36.989448076221656 ], [ -91.293992638851719, 36.989448683060552 ], [ -91.29399226059968, 36.989462411163593 ], [ -91.293958033533215, 36.989461804324478 ] ] ] } },
{ "type": "Feature", "properties": { "fid": 255, "lot_no": null, "plot_no": null, "status": null, "full_name": null, "birth_date": null, "death_date": null, "plot_id": null, "obituary": null, "maiden_name": null }, "geometry": { "type": "Polygon", "coordinates": [ [ [ -91.293957655274824, 36.989475532427242 ], [ -91.293958033533215, 36.989461804324478 ], [ -91.29399226059968, 36.989462411163593 ], [ -91.293991882347427, 36.989476139266571 ], [ -91.293957655274824, 36.989475532427242 ] ] ] } },
{ "type": "Feature", "properties": { "fid": 256, "lot_no": null, "plot_no": null, "status": null, "full_name": null, "birth_date": null, "death_date": null, "plot_id": null, "obituary": null, "maiden_name": null }, "geometry": { "type": "Polygon", "coordinates": [ [ [ -91.293957277016233, 36.989489260529972 ], [ -91.293957655274824, 36.989475532427242 ], [ -91.293991882347427, 36.989476139266571 ], [ -91.29399150409499, 36.989489867369528 ], [ -91.293957277016233, 36.989489260529972 ] ] ] } },
{ "type": "Feature", "properties": { "fid": 257, "lot_no": null, "plot_no": null, "status": null, "full_name": null, "birth_date": null, "death_date": null, "plot_id": null, "obituary": null, "maiden_name": null }, "geometry": { "type": "Polygon", "coordinates": [ [ [ -91.293955014049359, 36.989563385527575 ], [ -91.293955392309101, 36.989549657425037 ], [ -91.293989619414887, 36.989550264265603 ], [ -91.293989241161285, 36.989563992368382 ], [ -91.293955014049359, 36.989563385527575 ] ] ] } },
{ "type": "Feature", "properties": { "fid": 258, "lot_no": null, "plot_no": null, "status": null, "full_name": null, "birth_date": null, "death_date": null, "plot_id": null, "obituary": null, "maiden_name": null }, "geometry": { "type": "Polygon", "coordinates": [ [ [ -91.293956527087104, 36.989508473117176 ], [ -91.293956148827974, 36.989522201219827 ], [ -91.29392192173529, 36.989521594369833 ], [ -91.293922300000574, 36.989507866267388 ], [ -91.293956527087104, 36.989508473117176 ] ] ] } },
{ "type": "Feature", "properties": { "fid": 259, "lot_no": null, "plot_no": null, "status": null, "full_name": null, "birth_date": null, "death_date": null, "plot_id": null, "obituary": null, "maiden_name": null }, "geometry": { "type": "Polygon", "coordinates": [ [ [ -91.293956148827974, 36.989522201219827 ], [ -91.293955770568658, 36.989535929322457 ], [ -91.293921543469821, 36.989535322472229 ], [ -91.29392192173529, 36.989521594369833 ], [ -91.293956148827974, 36.989522201219827 ] ] ] } },
{ "type": "Feature", "properties": { "fid": 260, "lot_no": null, "plot_no": null, "status": null, "full_name": null, "birth_date": null, "death_date": null, "plot_id": null, "obituary": null, "maiden_name": null }, "geometry": { "type": "Polygon", "coordinates": [ [ [ -91.293955770568658, 36.989535929322457 ], [ -91.293955392309101, 36.989549657425037 ], [ -91.293921165204125, 36.989549050574595 ], [ -91.293921543469821, 36.989535322472229 ], [ -91.293955770568658, 36.989535929322457 ] ] ] } },
{ "type": "Feature", "properties": { "fid": 261, "lot_no": null, "plot_no": null, "status": null, "full_name": null, "birth_date": null, "death_date": null, "plot_id": null, "obituary": null, "maiden_name": null }, "geometry": { "type": "Polygon", "coordinates": [ [ [ -91.293955392309101, 36.989549657425037 ], [ -91.293955014049359, 36.989563385527575 ], [ -91.293920786938244, 36.98956277867692 ], [ -91.293921165204125, 36.989549050574595 ], [ -91.293955392309101, 36.989549657425037 ] ] ] } },
{ "type": "Feature", "properties": { "fid": 262, "lot_no": null, "plot_no": null, "status": null, "full_name": null, "birth_date": null, "death_date": null, "plot_id": null, "obituary": null, "maiden_name": null }, "geometry": { "type": "Polygon", "coordinates": [ [ [ -91.293956148827974, 36.989522201219827 ], [ -91.293956527087104, 36.989508473117176 ], [ -91.293990754174459, 36.989509079957081 ], [ -91.293990375921481, 36.989522808059959 ], [ -91.293956148827974, 36.989522201219827 ] ] ] } },
{ "type": "Feature", "properties": { "fid": 263, "lot_no": null, "plot_no": null, "status": null, "full_name": null, "birth_date": null, "death_date": null, "plot_id": null, "obituary": null, "maiden_name": null }, "geometry": { "type": "Polygon", "coordinates": [ [ [ -91.293955770568658, 36.989535929322457 ], [ -91.293956148827974, 36.989522201219827 ], [ -91.293990375921481, 36.989522808059959 ], [ -91.293989997668291, 36.989536536162802 ], [ -91.293955770568658, 36.989535929322457 ] ] ] } },
{ "type": "Feature", "properties": { "fid": 264, "lot_no": null, "plot_no": null, "status": null, "full_name": null, "birth_date": null, "death_date": null, "plot_id": null, "obituary": null, "maiden_name": null }, "geometry": { "type": "Polygon", "coordinates": [ [ [ -91.293955392309101, 36.989549657425037 ], [ -91.293955770568658, 36.989535929322457 ], [ -91.293989997668291, 36.989536536162802 ], [ -91.293989619414887, 36.989550264265603 ], [ -91.293955392309101, 36.989549657425037 ] ] ] } },
{ "type": "Feature", "properties": { "fid": 265, "lot_no": null, "plot_no": null, "status": null, "full_name": null, "birth_date": null, "death_date": null, "plot_id": null, "obituary": null, "maiden_name": null }, "geometry": { "type": "Polygon", "coordinates": [ [ [ -91.293953547869734, 36.989623790390823 ], [ -91.293953926130342, 36.989610062288428 ], [ -91.293988153263172, 36.989610669129917 ], [ -91.293987775008716, 36.989624397232532 ], [ -91.293953547869734, 36.989623790390823 ] ] ] } },
{ "type": "Feature", "properties": { "fid": 266, "lot_no": null, "plot_no": null, "status": null, "full_name": null, "birth_date": null, "death_date": null, "plot_id": null, "obituary": null, "maiden_name": null }, "geometry": { "type": "Polygon", "coordinates": [ [ [ -91.293955060910946, 36.989568877981036 ], [ -91.293954682650948, 36.98958260608353 ], [ -91.293920455531222, 36.989581999232627 ], [ -91.293920833797358, 36.989568271130345 ], [ -91.293955060910946, 36.989568877981036 ] ] ] } },
{ "type": "Feature", "properties": { "fid": 267, "lot_no": null, "plot_no": null, "status": null, "full_name": null, "birth_date": null, "death_date": null, "plot_id": null, "obituary": null, "maiden_name": null }, "geometry": { "type": "Polygon", "coordinates": [ [ [ -91.293954682650948, 36.98958260608353 ], [ -91.293954304390738, 36.989596334185997 ], [ -91.293920077264872, 36.98959572733488 ], [ -91.293920455531222, 36.989581999232627 ], [ -91.293954682650948, 36.98958260608353 ] ] ] } },
{ "type": "Feature", "properties": { "fid": 268, "lot_no": null, "plot_no": null, "status": null, "full_name": null, "birth_date": null, "death_date": null, "plot_id": null, "obituary": null, "maiden_name": null }, "geometry": { "type": "Polygon", "coordinates": [ [ [ -91.293954304390738, 36.989596334185997 ], [ -91.293953926130342, 36.989610062288428 ], [ -91.293919698998309, 36.989609455437083 ], [ -91.293920077264872, 36.98959572733488 ], [ -91.293954304390738, 36.989596334185997 ] ] ] } },
{ "type": "Feature", "properties": { "fid": 269, "lot_no": null, "plot_no": null, "status": null, "full_name": null, "birth_date": null, "death_date": null, "plot_id": null, "obituary": null, "maiden_name": null }, "geometry": { "type": "Polygon", "coordinates": [ [ [ -91.293953926130342, 36.989610062288428 ], [ -91.293953547869734, 36.989623790390823 ], [ -91.293919320731561, 36.989623183539273 ], [ -91.293919698998309, 36.989609455437083 ], [ -91.293953926130342, 36.989610062288428 ] ] ] } },
{ "type": "Feature", "properties": { "fid": 270, "lot_no": null, "plot_no": null, "status": null, "full_name": null, "birth_date": null, "death_date": null, "plot_id": null, "obituary": null, "maiden_name": null }, "geometry": { "type": "Polygon", "coordinates": [ [ [ -91.293954682650948, 36.98958260608353 ], [ -91.293955060910946, 36.989568877981036 ], [ -91.29398928802533, 36.98956948482185 ], [ -91.293988909771485, 36.989583212924572 ], [ -91.293954682650948, 36.98958260608353 ] ] ] } },
{ "type": "Feature", "properties": { "fid": 271, "lot_no": null, "plot_no": null, "status": null, "full_name": null, "birth_date": null, "death_date": null, "plot_id": null, "obituary": null, "maiden_name": null }, "geometry": { "type": "Polygon", "coordinates": [ [ [ -91.293954304390738, 36.989596334185997 ], [ -91.293954682650948, 36.98958260608353 ], [ -91.293988909771485, 36.989583212924572 ], [ -91.293988531517428, 36.989596941027251 ], [ -91.293954304390738, 36.989596334185997 ] ] ] } },
{ "type": "Feature", "properties": { "fid": 272, "lot_no": null, "plot_no": null, "status": null, "full_name": null, "birth_date": null, "death_date": null, "plot_id": null, "obituary": null, "maiden_name": null }, "geometry": { "type": "Polygon", "coordinates": [ [ [ -91.293953926130342, 36.989610062288428 ], [ -91.293954304390738, 36.989596334185997 ], [ -91.293988531517428, 36.989596941027251 ], [ -91.293988153263172, 36.989610669129917 ], [ -91.293953926130342, 36.989610062288428 ] ] ] } },
{ "type": "Feature", "properties": { "fid": 273, "lot_no": null, "plot_no": null, "status": null, "full_name": null, "birth_date": null, "death_date": null, "plot_id": null, "obituary": null, "maiden_name": null }, "geometry": { "type": "Polygon", "coordinates": [ [ [ -91.294035933784585, 36.989383476913346 ], [ -91.294036312027998, 36.989369748809871 ], [ -91.294070539054445, 36.989370355625674 ], [ -91.294070160817185, 36.989384083729398 ], [ -91.294035933784585, 36.989383476913346 ] ] ] } },
{ "type": "Feature", "properties": { "fid": 274, "lot_no": null, "plot_no": null, "status": null, "full_name": null, "birth_date": null, "death_date": null, "plot_id": null, "obituary": null, "maiden_name": null }, "geometry": { "type": "Polygon", "coordinates": [ [ [ -91.294037446756974, 36.989328564499189 ], [ -91.294037068514186, 36.989342292602778 ], [ -91.294002841500841, 36.989341685777539 ], [ -91.294003219749769, 36.989327957674163 ], [ -91.294037446756974, 36.989328564499189 ] ] ] } },
{ "type": "Feature", "properties": { "fid": 275, "lot_no": null, "plot_no": null, "status": null, "full_name": null, "birth_date": null, "death_date": null, "plot_id": null, "obituary": null, "maiden_name": null }, "geometry": { "type": "Polygon", "coordinates": [ [ [ -91.294037068514186, 36.989342292602778 ], [ -91.294036690271184, 36.989356020706332 ], [ -91.294002463251701, 36.989355413880894 ], [ -91.294002841500841, 36.989341685777539 ], [ -91.294037068514186, 36.989342292602778 ] ] ] } },
{ "type": "Feature", "properties": { "fid": 276, "lot_no": null, "plot_no": null, "status": null, "full_name": null, "birth_date": null, "death_date": null, "plot_id": null, "obituary": null, "maiden_name": null }, "geometry": { "type": "Polygon", "coordinates": [ [ [ -91.294036690271184, 36.989356020706332 ], [ -91.294036312027998, 36.989369748809871 ], [ -91.294002085002347, 36.989369141984206 ], [ -91.294002463251701, 36.989355413880894 ], [ -91.294036690271184, 36.989356020706332 ] ] ] } },
{ "type": "Feature", "properties": { "fid": 277, "lot_no": null, "plot_no": null, "status": null, "full_name": null, "birth_date": null, "death_date": null, "plot_id": null, "obituary": null, "maiden_name": null }, "geometry": { "type": "Polygon", "coordinates": [ [ [ -91.294036312027998, 36.989369748809871 ], [ -91.294035933784585, 36.989383476913346 ], [ -91.294001706752809, 36.989382870087468 ], [ -91.294002085002347, 36.989369141984206 ], [ -91.294036312027998, 36.989369748809871 ] ] ] } },
{ "type": "Feature", "properties": { "fid": 278, "lot_no": null, "plot_no": null, "status": null, "full_name": null, "birth_date": null, "death_date": null, "plot_id": null, "obituary": null, "maiden_name": null }, "geometry": { "type": "Polygon", "coordinates": [ [ [ -91.294037068514186, 36.989342292602778 ], [ -91.294037446756974, 36.989328564499189 ], [ -91.294071673764989, 36.989329171314338 ], [ -91.29407129552834, 36.989342899418148 ], [ -91.294037068514186, 36.989342292602778 ] ] ] } },
{ "type": "Feature", "properties": { "fid": 279, "lot_no": null, "plot_no": null, "status": null, "full_name": null, "birth_date": null, "death_date": null, "plot_id": null, "obituary": null, "maiden_name": null }, "geometry": { "type": "Polygon", "coordinates": [ [ [ -91.294036690271184, 36.989356020706332 ], [ -91.294037068514186, 36.989342292602778 ], [ -91.29407129552834, 36.989342899418148 ], [ -91.294070917291506, 36.989356627521936 ], [ -91.294036690271184, 36.989356020706332 ] ] ] } },
{ "type": "Feature", "properties": { "fid": 280, "lot_no": null, "plot_no": null, "status": null, "full_name": null, "birth_date": null, "death_date": null, "plot_id": null, "obituary": null, "maiden_name": null }, "geometry": { "type": "Polygon", "coordinates": [ [ [ -91.294036312027998, 36.989369748809871 ], [ -91.294036690271184, 36.989356020706332 ], [ -91.294070917291506, 36.989356627521936 ], [ -91.294070539054445, 36.989370355625674 ], [ -91.294036312027998, 36.989369748809871 ] ] ] } },
{ "type": "Feature", "properties": { "fid": 281, "lot_no": null, "plot_no": null, "status": null, "full_name": null, "birth_date": null, "death_date": null, "plot_id": null, "obituary": null, "maiden_name": null }, "geometry": { "type": "Polygon", "coordinates": [ [ [ -91.294034120286909, 36.989443876616527 ], [ -91.294034498531232, 36.989430148513179 ], [ -91.294068725584722, 36.989430755329998 ], [ -91.294068347346524, 36.989444483433559 ], [ -91.294034120286909, 36.989443876616527 ] ] ] } },
{ "type": "Feature", "properties": { "fid": 282, "lot_no": null, "plot_no": null, "status": null, "full_name": null, "birth_date": null, "death_date": null, "plot_id": null, "obituary": null, "maiden_name": null }, "geometry": { "type": "Polygon", "coordinates": [ [ [ -91.294035633262993, 36.989388964202952 ], [ -91.294035255019267, 36.989402692306406 ], [ -91.294001027978894, 36.989402085480172 ], [ -91.294001406228759, 36.989388357376946 ], [ -91.294035633262993, 36.989388964202952 ] ] ] } },
{ "type": "Feature", "properties": { "fid": 283, "lot_no": null, "plot_no": null, "status": null, "full_name": null, "birth_date": null, "death_date": null, "plot_id": null, "obituary": null, "maiden_name": null }, "geometry": { "type": "Polygon", "coordinates": [ [ [ -91.294035255019267, 36.989402692306406 ], [ -91.294034876775356, 36.98941642040981 ], [ -91.294000649728815, 36.989415813583356 ], [ -91.294001027978894, 36.989402085480172 ], [ -91.294035255019267, 36.989402692306406 ] ] ] } },
{ "type": "Feature", "properties": { "fid": 284, "lot_no": null, "plot_no": null, "status": null, "full_name": null, "birth_date": null, "death_date": null, "plot_id": null, "obituary": null, "maiden_name": null }, "geometry": { "type": "Polygon", "coordinates": [ [ [ -91.294034876775356, 36.98941642040981 ], [ -91.294034498531232, 36.989430148513179 ], [ -91.294000271478538, 36.989429541686519 ], [ -91.294000649728815, 36.989415813583356 ], [ -91.294034876775356, 36.98941642040981 ] ] ] } },
{ "type": "Feature", "properties": { "fid": 285, "lot_no": null, "plot_no": null, "status": null, "full_name": null, "birth_date": null, "death_date": null, "plot_id": null, "obituary": null, "maiden_name": null }, "geometry": { "type": "Polygon", "coordinates": [ [ [ -91.294034498531232, 36.989430148513179 ], [ -91.294034120286909, 36.989443876616527 ], [ -91.293999893228076, 36.989443269789632 ], [ -91.294000271478538, 36.989429541686519 ], [ -91.294034498531232, 36.989430148513179 ] ] ] } },
{ "type": "Feature", "properties": { "fid": 286, "lot_no": null, "plot_no": null, "status": null, "full_name": null, "birth_date": null, "death_date": null, "plot_id": null, "obituary": null, "maiden_name": null }, "geometry": { "type": "Polygon", "coordinates": [ [ [ -91.294035255019267, 36.989402692306406 ], [ -91.294035633262993, 36.989388964202952 ], [ -91.294069860298052, 36.98938957101911 ], [ -91.294069482060479, 36.989403299122777 ], [ -91.294035255019267, 36.989402692306406 ] ] ] } },
{ "type": "Feature", "properties": { "fid": 287, "lot_no": null, "plot_no": null, "status": null, "full_name": null, "birth_date": null, "death_date": null, "plot_id": null, "obituary": null, "maiden_name": null }, "geometry": { "type": "Polygon", "coordinates": [ [ [ -91.294034876775356, 36.98941642040981 ], [ -91.294035255019267, 36.989402692306406 ], [ -91.294069482060479, 36.989403299122777 ], [ -91.294069103822707, 36.989417027226402 ], [ -91.294034876775356, 36.98941642040981 ] ] ] } },
{ "type": "Feature", "properties": { "fid": 288, "lot_no": null, "plot_no": null, "status": null, "full_name": null, "birth_date": null, "death_date": null, "plot_id": null, "obituary": null, "maiden_name": null }, "geometry": { "type": "Polygon", "coordinates": [ [ [ -91.294034498531232, 36.989430148513179 ], [ -91.294034876775356, 36.98941642040981 ], [ -91.294069103822707, 36.989417027226402 ], [ -91.294068725584722, 36.989430755329998 ], [ -91.294034498531232, 36.989430148513179 ] ] ] } },
{ "type": "Feature", "properties": { "fid": 289, "lot_no": null, "plot_no": null, "status": null, "full_name": null, "birth_date": null, "death_date": null, "plot_id": null, "obituary": null, "maiden_name": null }, "geometry": { "type": "Polygon", "coordinates": [ [ [ -91.294032199467964, 36.989504271859886 ], [ -91.294032577713253, 36.989490543756716 ], [ -91.294066804793786, 36.989491150574551 ], [ -91.29406642655465, 36.989504878677955 ], [ -91.294032199467964, 36.989504271859886 ] ] ] } },
{ "type": "Feature", "properties": { "fid": 290, "lot_no": null, "plot_no": null, "status": null, "full_name": null, "birth_date": null, "death_date": null, "plot_id": null, "obituary": null, "maiden_name": null }, "geometry": { "type": "Polygon", "coordinates": [ [ [ -91.294033712447856, 36.989449359446944 ], [ -91.294033334203192, 36.989463087550227 ], [ -91.293999107135775, 36.989462480722963 ], [ -91.293999485386578, 36.989448752619886 ], [ -91.294033712447856, 36.989449359446944 ] ] ] } },
{ "type": "Feature", "properties": { "fid": 291, "lot_no": null, "plot_no": null, "status": null, "full_name": null, "birth_date": null, "death_date": null, "plot_id": null, "obituary": null, "maiden_name": null }, "geometry": { "type": "Polygon", "coordinates": [ [ [ -91.294033334203192, 36.989463087550227 ], [ -91.294032955958329, 36.989476815653489 ], [ -91.293998728884759, 36.989476208825991 ], [ -91.293999107135775, 36.989462480722963 ], [ -91.294033334203192, 36.989463087550227 ] ] ] } },
{ "type": "Feature", "properties": { "fid": 292, "lot_no": null, "plot_no": null, "status": null, "full_name": null, "birth_date": null, "death_date": null, "plot_id": null, "obituary": null, "maiden_name": null }, "geometry": { "type": "Polygon", "coordinates": [ [ [ -91.294032955958329, 36.989476815653489 ], [ -91.294032577713253, 36.989490543756716 ], [ -91.29399835063353, 36.98948993692899 ], [ -91.293998728884759, 36.989476208825991 ], [ -91.294032955958329, 36.989476815653489 ] ] ] } },
{ "type": "Feature", "properties": { "fid": 293, "lot_no": null, "plot_no": null, "status": null, "full_name": null, "birth_date": null, "death_date": null, "plot_id": null, "obituary": null, "maiden_name": null }, "geometry": { "type": "Polygon", "coordinates": [ [ [ -91.294032577713253, 36.989490543756716 ], [ -91.294032199467964, 36.989504271859886 ], [ -91.293997972382101, 36.989503665031961 ], [ -91.29399835063353, 36.98948993692899 ], [ -91.294032577713253, 36.989490543756716 ] ] ] } },
{ "type": "Feature", "properties": { "fid": 294, "lot_no": null, "plot_no": null, "status": null, "full_name": null, "birth_date": null, "death_date": null, "plot_id": null, "obituary": null, "maiden_name": null }, "geometry": { "type": "Polygon", "coordinates": [ [ [ -91.294033334203192, 36.989463087550227 ], [ -91.294033712447856, 36.989449359446944 ], [ -91.294067939509958, 36.989449966264132 ], [ -91.294067561271433, 36.989463694367643 ], [ -91.294033334203192, 36.989463087550227 ] ] ] } },
{ "type": "Feature", "properties": { "fid": 295, "lot_no": null, "plot_no": null, "status": null, "full_name": null, "birth_date": null, "death_date": null, "plot_id": null, "obituary": null, "maiden_name": null }, "geometry": { "type": "Polygon", "coordinates": [ [ [ -91.294032955958329, 36.989476815653489 ], [ -91.294033334203192, 36.989463087550227 ], [ -91.294067561271433, 36.989463694367643 ], [ -91.294067183032695, 36.989477422471133 ], [ -91.294032955958329, 36.989476815653489 ] ] ] } },
{ "type": "Feature", "properties": { "fid": 296, "lot_no": null, "plot_no": null, "status": null, "full_name": null, "birth_date": null, "death_date": null, "plot_id": null, "obituary": null, "maiden_name": null }, "geometry": { "type": "Polygon", "coordinates": [ [ [ -91.294032577713253, 36.989490543756716 ], [ -91.294032955958329, 36.989476815653489 ], [ -91.294067183032695, 36.989477422471133 ], [ -91.294066804793786, 36.989491150574551 ], [ -91.294032577713253, 36.989490543756716 ] ] ] } },
{ "type": "Feature", "properties": { "fid": 297, "lot_no": null, "plot_no": null, "status": null, "full_name": null, "birth_date": null, "death_date": null, "plot_id": null, "obituary": null, "maiden_name": null }, "geometry": { "type": "Polygon", "coordinates": [ [ [ -91.294030314819381, 36.989564668757055 ], [ -91.294030693065594, 36.989550940654013 ], [ -91.294064920173184, 36.989551547472892 ], [ -91.294064541933096, 36.989565275576147 ], [ -91.294030314819381, 36.989564668757055 ] ] ] } },
{ "type": "Feature", "properties": { "fid": 298, "lot_no": null, "plot_no": null, "status": null, "full_name": null, "birth_date": null, "death_date": null, "plot_id": null, "obituary": null, "maiden_name": null }, "geometry": { "type": "Polygon", "coordinates": [ [ [ -91.294031827803053, 36.989509756344717 ], [ -91.294031449557423, 36.989523484447851 ], [ -91.293997222462977, 36.989522877619549 ], [ -91.293997600714732, 36.989509149516635 ], [ -91.294031827803053, 36.989509756344717 ] ] ] } },
{ "type": "Feature", "properties": { "fid": 299, "lot_no": null, "plot_no": null, "status": null, "full_name": null, "birth_date": null, "death_date": null, "plot_id": null, "obituary": null, "maiden_name": null }, "geometry": { "type": "Polygon", "coordinates": [ [ [ -91.294031449557423, 36.989523484447851 ], [ -91.294031071311622, 36.989537212550957 ], [ -91.293996844211009, 36.989536605722435 ], [ -91.293997222462977, 36.989522877619549 ], [ -91.294031449557423, 36.989523484447851 ] ] ] } },
{ "type": "Feature", "properties": { "fid": 300, "lot_no": null, "plot_no": null, "status": null, "full_name": null, "birth_date": null, "death_date": null, "plot_id": null, "obituary": null, "maiden_name": null }, "geometry": { "type": "Polygon", "coordinates": [ [ [ -91.294031071311622, 36.989537212550957 ], [ -91.294030693065594, 36.989550940654013 ], [ -91.293996465958855, 36.989550333825271 ], [ -91.293996844211009, 36.989536605722435 ], [ -91.294031071311622, 36.989537212550957 ] ] ] } },
{ "type": "Feature", "properties": { "fid": 301, "lot_no": null, "plot_no": null, "status": null, "full_name": null, "birth_date": null, "death_date": null, "plot_id": null, "obituary": null, "maiden_name": null }, "geometry": { "type": "Polygon", "coordinates": [ [ [ -91.294030693065594, 36.989550940654013 ], [ -91.294030314819381, 36.989564668757055 ], [ -91.293996087706489, 36.989564061928093 ], [ -91.293996465958855, 36.989550333825271 ], [ -91.294030693065594, 36.989550940654013 ] ] ] } },
{ "type": "Feature", "properties": { "fid": 302, "lot_no": null, "plot_no": null, "status": null, "full_name": null, "birth_date": null, "death_date": null, "plot_id": null, "obituary": null, "maiden_name": null }, "geometry": { "type": "Polygon", "coordinates": [ [ [ -91.294031449557423, 36.989523484447851 ], [ -91.294031827803053, 36.989509756344717 ], [ -91.294066054892184, 36.989510363162935 ], [ -91.294065676652707, 36.98952409126629 ], [ -91.294031449557423, 36.989523484447851 ] ] ] } },
{ "type": "Feature", "properties": { "fid": 303, "lot_no": null, "plot_no": null, "status": null, "full_name": null, "birth_date": null, "death_date": null, "plot_id": null, "obituary": null, "maiden_name": null }, "geometry": { "type": "Polygon", "coordinates": [ [ [ -91.294031071311622, 36.989537212550957 ], [ -91.294031449557423, 36.989523484447851 ], [ -91.294065676652707, 36.98952409126629 ], [ -91.294065298413045, 36.989537819369609 ], [ -91.294031071311622, 36.989537212550957 ] ] ] } },
{ "type": "Feature", "properties": { "fid": 304, "lot_no": null, "plot_no": null, "status": null, "full_name": null, "birth_date": null, "death_date": null, "plot_id": null, "obituary": null, "maiden_name": null }, "geometry": { "type": "Polygon", "coordinates": [ [ [ -91.294030693065594, 36.989550940654013 ], [ -91.294031071311622, 36.989537212550957 ], [ -91.294065298413045, 36.989537819369609 ], [ -91.294064920173184, 36.989551547472892 ], [ -91.294030693065594, 36.989550940654013 ] ] ] } },
{ "type": "Feature", "properties": { "fid": 305, "lot_no": null, "plot_no": null, "status": null, "full_name": null, "birth_date": null, "death_date": null, "plot_id": null, "obituary": null, "maiden_name": null }, "geometry": { "type": "Polygon", "coordinates": [ [ [ -91.294028848699256, 36.989625073622285 ], [ -91.29402922694635, 36.989611345519414 ], [ -91.29406345408097, 36.989611952339182 ], [ -91.294063075840029, 36.989625680442288 ], [ -91.294028848699256, 36.989625073622285 ] ] ] } },
{ "type": "Feature", "properties": { "fid": 306, "lot_no": null, "plot_no": null, "status": null, "full_name": null, "birth_date": null, "death_date": null, "plot_id": null, "obituary": null, "maiden_name": null }, "geometry": { "type": "Polygon", "coordinates": [ [ [ -91.294030361686382, 36.989570161210565 ], [ -91.294029983439913, 36.989583889313543 ], [ -91.293995756318395, 36.98958328248434 ], [ -91.293996134571017, 36.989569554381582 ], [ -91.294030361686382, 36.989570161210565 ] ] ] } },
{ "type": "Feature", "properties": { "fid": 307, "lot_no": null, "plot_no": null, "status": null, "full_name": null, "birth_date": null, "death_date": null, "plot_id": null, "obituary": null, "maiden_name": null }, "geometry": { "type": "Polygon", "coordinates": [ [ [ -91.294029983439913, 36.989583889313543 ], [ -91.294029605193231, 36.989597617416486 ], [ -91.293995378065574, 36.989597010587062 ], [ -91.293995756318395, 36.98958328248434 ], [ -91.294029983439913, 36.989583889313543 ] ] ] } },
{ "type": "Feature", "properties": { "fid": 308, "lot_no": null, "plot_no": null, "status": null, "full_name": null, "birth_date": null, "death_date": null, "plot_id": null, "obituary": null, "maiden_name": null }, "geometry": { "type": "Polygon", "coordinates": [ [ [ -91.294029605193231, 36.989597617416486 ], [ -91.29402922694635, 36.989611345519414 ], [ -91.29399499981254, 36.98961073868977 ], [ -91.293995378065574, 36.989597010587062 ], [ -91.294029605193231, 36.989597617416486 ] ] ] } },
{ "type": "Feature", "properties": { "fid": 309, "lot_no": null, "plot_no": null, "status": null, "full_name": null, "birth_date": null, "death_date": null, "plot_id": null, "obituary": null, "maiden_name": null }, "geometry": { "type": "Polygon", "coordinates": [ [ [ -91.29402922694635, 36.989611345519414 ], [ -91.294028848699256, 36.989625073622285 ], [ -91.293994621559307, 36.989624466792421 ], [ -91.29399499981254, 36.98961073868977 ], [ -91.29402922694635, 36.989611345519414 ] ] ] } },
{ "type": "Feature", "properties": { "fid": 310, "lot_no": null, "plot_no": null, "status": null, "full_name": null, "birth_date": null, "death_date": null, "plot_id": null, "obituary": null, "maiden_name": null }, "geometry": { "type": "Polygon", "coordinates": [ [ [ -91.294029983439913, 36.989583889313543 ], [ -91.294030361686382, 36.989570161210565 ], [ -91.294064588802556, 36.989570768029694 ], [ -91.294064210562226, 36.989584496132899 ], [ -91.294029983439913, 36.989583889313543 ] ] ] } },
{ "type": "Feature", "properties": { "fid": 311, "lot_no": null, "plot_no": null, "status": null, "full_name": null, "birth_date": null, "death_date": null, "plot_id": null, "obituary": null, "maiden_name": null }, "geometry": { "type": "Polygon", "coordinates": [ [ [ -91.294029605193231, 36.989597617416486 ], [ -91.294029983439913, 36.989583889313543 ], [ -91.294064210562226, 36.989584496132899 ], [ -91.294063832321697, 36.989598224236069 ], [ -91.294029605193231, 36.989597617416486 ] ] ] } },
{ "type": "Feature", "properties": { "fid": 312, "lot_no": null, "plot_no": null, "status": null, "full_name": null, "birth_date": null, "death_date": null, "plot_id": null, "obituary": null, "maiden_name": null }, "geometry": { "type": "Polygon", "coordinates": [ [ [ -91.29402922694635, 36.989611345519414 ], [ -91.294029605193231, 36.989597617416486 ], [ -91.294063832321697, 36.989598224236069 ], [ -91.29406345408097, 36.989611952339182 ], [ -91.29402922694635, 36.989611345519414 ] ] ] } },
{ "type": "Feature", "properties": { "fid": 313, "lot_no": null, "plot_no": null, "status": null, "full_name": null, "birth_date": null, "death_date": null, "plot_id": null, "obituary": null, "maiden_name": null }, "geometry": { "type": "Polygon", "coordinates": [ [ [ -91.294111234380011, 36.989384760088342 ], [ -91.294111612609896, 36.989371031984362 ], [ -91.294145839638134, 36.989371638778472 ], [ -91.294145461414402, 36.989385366882672 ], [ -91.294111234380011, 36.989384760088342 ] ] ] } },
{ "type": "Feature", "properties": { "fid": 314, "lot_no": null, "plot_no": null, "status": null, "full_name": null, "birth_date": null, "death_date": null, "plot_id": null, "obituary": null, "maiden_name": null }, "geometry": { "type": "Polygon", "coordinates": [ [ [ -91.294112747298314, 36.989329847672224 ], [ -91.29411236906904, 36.98934357577631 ], [ -91.294078142053934, 36.989342968972778 ], [ -91.294078520289332, 36.989329240868919 ], [ -91.294112747298314, 36.989329847672224 ] ] ] } },
{ "type": "Feature", "properties": { "fid": 315, "lot_no": null, "plot_no": null, "status": null, "full_name": null, "birth_date": null, "death_date": null, "plot_id": null, "obituary": null, "maiden_name": null }, "geometry": { "type": "Polygon", "coordinates": [ [ [ -91.29411236906904, 36.98934357577631 ], [ -91.294111990839582, 36.989357303880347 ], [ -91.294077763818308, 36.989356697076602 ], [ -91.294078142053934, 36.989342968972778 ], [ -91.29411236906904, 36.98934357577631 ] ] ] } },
{ "type": "Feature", "properties": { "fid": 316, "lot_no": null, "plot_no": null, "status": null, "full_name": null, "birth_date": null, "death_date": null, "plot_id": null, "obituary": null, "maiden_name": null }, "geometry": { "type": "Polygon", "coordinates": [ [ [ -91.294111990839582, 36.989357303880347 ], [ -91.294111612609896, 36.989371031984362 ], [ -91.294077385582483, 36.98937042518039 ], [ -91.294077763818308, 36.989356697076602 ], [ -91.294111990839582, 36.989357303880347 ] ] ] } },
{ "type": "Feature", "properties": { "fid": 317, "lot_no": null, "plot_no": null, "status": null, "full_name": null, "birth_date": null, "death_date": null, "plot_id": null, "obituary": null, "maiden_name": null }, "geometry": { "type": "Polygon", "coordinates": [ [ [ -91.294111612609896, 36.989371031984362 ], [ -91.294111234380011, 36.989384760088342 ], [ -91.294077007346459, 36.989384153284142 ], [ -91.294077385582483, 36.98937042518039 ], [ -91.294111612609896, 36.989371031984362 ] ] ] } },
{ "type": "Feature", "properties": { "fid": 318, "lot_no": null, "plot_no": null, "status": null, "full_name": null, "birth_date": null, "death_date": null, "plot_id": null, "obituary": null, "maiden_name": null }, "geometry": { "type": "Polygon", "coordinates": [ [ [ -91.29411236906904, 36.98934357577631 ], [ -91.294112747298314, 36.989329847672224 ], [ -91.294146974308106, 36.989330454465687 ], [ -91.294146596085, 36.989344182569994 ], [ -91.29411236906904, 36.98934357577631 ] ] ] } },
{ "type": "Feature", "properties": { "fid": 319, "lot_no": null, "plot_no": null, "status": null, "full_name": null, "birth_date": null, "death_date": null, "plot_id": null, "obituary": null, "maiden_name": null }, "geometry": { "type": "Polygon", "coordinates": [ [ [ -91.294111990839582, 36.989357303880347 ], [ -91.29411236906904, 36.98934357577631 ], [ -91.294146596085, 36.989344182569994 ], [ -91.29414621786168, 36.989357910674244 ], [ -91.294111990839582, 36.989357303880347 ] ] ] } },
{ "type": "Feature", "properties": { "fid": 320, "lot_no": null, "plot_no": null, "status": null, "full_name": null, "birth_date": null, "death_date": null, "plot_id": null, "obituary": null, "maiden_name": null }, "geometry": { "type": "Polygon", "coordinates": [ [ [ -91.294111612609896, 36.989371031984362 ], [ -91.294111990839582, 36.989357303880347 ], [ -91.29414621786168, 36.989357910674244 ], [ -91.294145839638134, 36.989371638778472 ], [ -91.294111612609896, 36.989371031984362 ] ] ] } },
{ "type": "Feature", "properties": { "fid": 321, "lot_no": null, "plot_no": null, "status": null, "full_name": null, "birth_date": null, "death_date": null, "plot_id": null, "obituary": null, "maiden_name": null }, "geometry": { "type": "Polygon", "coordinates": [ [ [ -91.294109420941808, 36.989445159793718 ], [ -91.294109799172631, 36.989431431689887 ], [ -91.294144026227897, 36.98943203848502 ], [ -91.294143648003242, 36.98944576658905 ], [ -91.294109420941808, 36.989445159793718 ] ] ] } },
{ "type": "Feature", "properties": { "fid": 322, "lot_no": null, "plot_no": null, "status": null, "full_name": null, "birth_date": null, "death_date": null, "plot_id": null, "obituary": null, "maiden_name": null }, "geometry": { "type": "Polygon", "coordinates": [ [ [ -91.29411093386382, 36.989390247378218 ], [ -91.294110555633623, 36.989403975482155 ], [ -91.294076328591473, 36.989403368677607 ], [ -91.294076706827795, 36.989389640573904 ], [ -91.29411093386382, 36.989390247378218 ] ] ] } },
{ "type": "Feature", "properties": { "fid": 323, "lot_no": null, "plot_no": null, "status": null, "full_name": null, "birth_date": null, "death_date": null, "plot_id": null, "obituary": null, "maiden_name": null }, "geometry": { "type": "Polygon", "coordinates": [ [ [ -91.294110555633623, 36.989403975482155 ], [ -91.29411017740324, 36.989417703586049 ], [ -91.294075950354923, 36.989417096781274 ], [ -91.294076328591473, 36.989403368677607 ], [ -91.294110555633623, 36.989403975482155 ] ] ] } },
{ "type": "Feature", "properties": { "fid": 324, "lot_no": null, "plot_no": null, "status": null, "full_name": null, "birth_date": null, "death_date": null, "plot_id": null, "obituary": null, "maiden_name": null }, "geometry": { "type": "Polygon", "coordinates": [ [ [ -91.29411017740324, 36.989417703586049 ], [ -91.294109799172631, 36.989431431689887 ], [ -91.29407557211816, 36.989430824884906 ], [ -91.294075950354923, 36.989417096781274 ], [ -91.29411017740324, 36.989417703586049 ] ] ] } },
{ "type": "Feature", "properties": { "fid": 325, "lot_no": null, "plot_no": null, "status": null, "full_name": null, "birth_date": null, "death_date": null, "plot_id": null, "obituary": null, "maiden_name": null }, "geometry": { "type": "Polygon", "coordinates": [ [ [ -91.294109799172631, 36.989431431689887 ], [ -91.294109420941808, 36.989445159793718 ], [ -91.294075193881213, 36.98944455298853 ], [ -91.29407557211816, 36.989430824884906 ], [ -91.294109799172631, 36.989431431689887 ] ] ] } },
{ "type": "Feature", "properties": { "fid": 326, "lot_no": null, "plot_no": null, "status": null, "full_name": null, "birth_date": null, "death_date": null, "plot_id": null, "obituary": null, "maiden_name": null }, "geometry": { "type": "Polygon", "coordinates": [ [ [ -91.294110555633623, 36.989403975482155 ], [ -91.29411093386382, 36.989390247378218 ], [ -91.294145160900669, 36.98939085417269 ], [ -91.294144782676611, 36.989404582276833 ], [ -91.294110555633623, 36.989403975482155 ] ] ] } },
{ "type": "Feature", "properties": { "fid": 327, "lot_no": null, "plot_no": null, "status": null, "full_name": null, "birth_date": null, "death_date": null, "plot_id": null, "obituary": null, "maiden_name": null }, "geometry": { "type": "Polygon", "coordinates": [ [ [ -91.29411017740324, 36.989417703586049 ], [ -91.294110555633623, 36.989403975482155 ], [ -91.294144782676611, 36.989404582276833 ], [ -91.294144404452354, 36.989418310380941 ], [ -91.29411017740324, 36.989417703586049 ] ] ] } },
{ "type": "Feature", "properties": { "fid": 328, "lot_no": null, "plot_no": null, "status": null, "full_name": null, "birth_date": null, "death_date": null, "plot_id": null, "obituary": null, "maiden_name": null }, "geometry": { "type": "Polygon", "coordinates": [ [ [ -91.294109799172631, 36.989431431689887 ], [ -91.29411017740324, 36.989417703586049 ], [ -91.294144404452354, 36.989418310380941 ], [ -91.294144026227897, 36.98943203848502 ], [ -91.294109799172631, 36.989431431689887 ] ] ] } },
{ "type": "Feature", "properties": { "fid": 329, "lot_no": null, "plot_no": null, "status": null, "full_name": "Brawley, Ronald Dean", "birth_date": "3/29/1942", "death_date": "10/2/2010", "plot_id": "42-4", "obituary": null, "maiden_name": null }, "geometry": { "type": "Polygon", "coordinates": [ [ [ -91.294107500182378, 36.989505555039372 ], [ -91.294107878414124, 36.989491826935698 ], [ -91.294142105496434, 36.989492433731847 ], [ -91.294141727270826, 36.989506161835749 ], [ -91.294107500182378, 36.989505555039372 ] ] ] } },
{ "type": "Feature", "properties": { "fid": 330, "lot_no": null, "plot_no": null, "status": null, "full_name": null, "birth_date": null, "death_date": null, "plot_id": "42-5", "obituary": null, "maiden_name": null }, "geometry": { "type": "Polygon", "coordinates": [ [ [ -91.294109013108169, 36.98945064262449 ], [ -91.29410863487702, 36.989464370728257 ], [ -91.294074407807827, 36.989463763922679 ], [ -91.294074786045115, 36.989450035819139 ], [ -91.294109013108169, 36.98945064262449 ] ] ] } },
{ "type": "Feature", "properties": { "fid": 331, "lot_no": null, "plot_no": null, "status": null, "full_name": "Brawley, Allen Dwain", "birth_date": "4/22/1944", "death_date": "12/19/1960", "plot_id": "42-6", "obituary": null, "maiden_name": null }, "geometry": { "type": "Polygon", "coordinates": [ [ [ -91.29410863487702, 36.989464370728257 ], [ -91.294108256645671, 36.989478098832002 ], [ -91.294074029570339, 36.989477492026204 ], [ -91.294074407807827, 36.989463763922679 ], [ -91.29410863487702, 36.989464370728257 ] ] ] } },
{ "type": "Feature", "properties": { "fid": 332, "lot_no": null, "plot_no": null, "status": null, "full_name": null, "birth_date": null, "death_date": null, "plot_id": "42-7", "obituary": null, "maiden_name": null }, "geometry": { "type": "Polygon", "coordinates": [ [ [ -91.294108256645671, 36.989478098832002 ], [ -91.294107878414124, 36.989491826935698 ], [ -91.294073651332624, 36.989491220129679 ], [ -91.294074029570339, 36.989477492026204 ], [ -91.294108256645671, 36.989478098832002 ] ] ] } },
{ "type": "Feature", "properties": { "fid": 333, "lot_no": null, "plot_no": null, "status": null, "full_name": "Brawley, Othur Herbert 'Buck'", "birth_date": "1/25/1911", "death_date": "6/  /1966", "plot_id": "42-8", "obituary": null, "maiden_name": null }, "geometry": { "type": "Polygon", "coordinates": [ [ [ -91.294107878414124, 36.989491826935698 ], [ -91.294107500182378, 36.989505555039372 ], [ -91.294073273094739, 36.989504948233126 ], [ -91.294073651332624, 36.989491220129679 ], [ -91.294107878414124, 36.989491826935698 ] ] ] } },
{ "type": "Feature", "properties": { "fid": 334, "lot_no": null, "plot_no": null, "status": null, "full_name": null, "birth_date": null, "death_date": null, "plot_id": "42-1", "obituary": null, "maiden_name": null }, "geometry": { "type": "Polygon", "coordinates": [ [ [ -91.29410863487702, 36.989464370728257 ], [ -91.294109013108169, 36.98945064262449 ], [ -91.294143240172048, 36.989451249419986 ], [ -91.294142861947051, 36.989464977523987 ], [ -91.29410863487702, 36.989464370728257 ] ] ] } },
{ "type": "Feature", "properties": { "fid": 335, "lot_no": null, "plot_no": null, "status": null, "full_name": null, "birth_date": null, "death_date": null, "plot_id": "42-2", "obituary": null, "maiden_name": null }, "geometry": { "type": "Polygon", "coordinates": [ [ [ -91.294108256645671, 36.989478098832002 ], [ -91.29410863487702, 36.989464370728257 ], [ -91.294142861947051, 36.989464977523987 ], [ -91.294142483721856, 36.989478705627931 ], [ -91.294108256645671, 36.989478098832002 ] ] ] } },
{ "type": "Feature", "properties": { "fid": 336, "lot_no": null, "plot_no": null, "status": null, "full_name": "Brawley, Judy Alice", "birth_date": "11/6/1944", "death_date": null, "plot_id": "42-3", "obituary": null, "maiden_name": "Blunk" }, "geometry": { "type": "Polygon", "coordinates": [ [ [ -91.294107878414124, 36.989491826935698 ], [ -91.294108256645671, 36.989478098832002 ], [ -91.294142483721856, 36.989478705627931 ], [ -91.294142105496434, 36.989492433731847 ], [ -91.294107878414124, 36.989491826935698 ] ] ] } },
{ "type": "Feature", "properties": { "fid": 337, "lot_no": null, "plot_no": null, "status": null, "full_name": null, "birth_date": null, "death_date": null, "plot_id": null, "obituary": null, "maiden_name": null }, "geometry": { "type": "Polygon", "coordinates": [ [ [ -91.294105615593267, 36.989565951938772 ], [ -91.294105993825966, 36.989552223835268 ], [ -91.294140220935319, 36.989552830632455 ], [ -91.294139842708773, 36.989566558736172 ], [ -91.294105615593267, 36.989565951938772 ] ] ] } },
{ "type": "Feature", "properties": { "fid": 338, "lot_no": null, "plot_no": null, "status": null, "full_name": null, "birth_date": null, "death_date": null, "plot_id": null, "obituary": null, "maiden_name": null }, "geometry": { "type": "Polygon", "coordinates": [ [ [ -91.294107128522839, 36.989511039524523 ], [ -91.294106750290752, 36.989524767628147 ], [ -91.294072523194515, 36.989524160821531 ], [ -91.294072901432742, 36.989510432718141 ], [ -91.294107128522839, 36.989511039524523 ] ] ] } },
{ "type": "Feature", "properties": { "fid": 339, "lot_no": null, "plot_no": null, "status": null, "full_name": null, "birth_date": null, "death_date": null, "plot_id": null, "obituary": null, "maiden_name": null }, "geometry": { "type": "Polygon", "coordinates": [ [ [ -91.294106750290752, 36.989524767628147 ], [ -91.294106372058465, 36.989538495731708 ], [ -91.294072144956075, 36.9895378889249 ], [ -91.294072523194515, 36.989524160821531 ], [ -91.294106750290752, 36.989524767628147 ] ] ] } },
{ "type": "Feature", "properties": { "fid": 340, "lot_no": null, "plot_no": null, "status": null, "full_name": null, "birth_date": null, "death_date": null, "plot_id": null, "obituary": null, "maiden_name": null }, "geometry": { "type": "Polygon", "coordinates": [ [ [ -91.294106372058465, 36.989538495731708 ], [ -91.294105993825966, 36.989552223835268 ], [ -91.294071766717437, 36.989551617028233 ], [ -91.294072144956075, 36.9895378889249 ], [ -91.294106372058465, 36.989538495731708 ] ] ] } },
{ "type": "Feature", "properties": { "fid": 341, "lot_no": null, "plot_no": null, "status": null, "full_name": null, "birth_date": null, "death_date": null, "plot_id": null, "obituary": null, "maiden_name": null }, "geometry": { "type": "Polygon", "coordinates": [ [ [ -91.294105993825966, 36.989552223835268 ], [ -91.294105615593267, 36.989565951938772 ], [ -91.294071388478599, 36.98956534513151 ], [ -91.294071766717437, 36.989551617028233 ], [ -91.294105993825966, 36.989552223835268 ] ] ] } },
{ "type": "Feature", "properties": { "fid": 342, "lot_no": null, "plot_no": null, "status": null, "full_name": null, "birth_date": null, "death_date": null, "plot_id": null, "obituary": null, "maiden_name": null }, "geometry": { "type": "Polygon", "coordinates": [ [ [ -91.294106750290752, 36.989524767628147 ], [ -91.294107128522839, 36.989511039524523 ], [ -91.29414135561376, 36.989511646321048 ], [ -91.294140977387812, 36.989525374424879 ], [ -91.294106750290752, 36.989524767628147 ] ] ] } },
{ "type": "Feature", "properties": { "fid": 343, "lot_no": null, "plot_no": null, "status": null, "full_name": null, "birth_date": null, "death_date": null, "plot_id": null, "obituary": null, "maiden_name": null }, "geometry": { "type": "Polygon", "coordinates": [ [ [ -91.294106372058465, 36.989538495731708 ], [ -91.294106750290752, 36.989524767628147 ], [ -91.294140977387812, 36.989525374424879 ], [ -91.294140599161679, 36.989539102528674 ], [ -91.294106372058465, 36.989538495731708 ] ] ] } },
{ "type": "Feature", "properties": { "fid": 344, "lot_no": null, "plot_no": null, "status": null, "full_name": null, "birth_date": null, "death_date": null, "plot_id": null, "obituary": null, "maiden_name": null }, "geometry": { "type": "Polygon", "coordinates": [ [ [ -91.294105993825966, 36.989552223835268 ], [ -91.294106372058465, 36.989538495731708 ], [ -91.294140599161679, 36.989539102528674 ], [ -91.294140220935319, 36.989552830632455 ], [ -91.294105993825966, 36.989552223835268 ] ] ] } },
{ "type": "Feature", "properties": { "fid": 345, "lot_no": null, "plot_no": null, "status": null, "full_name": null, "birth_date": null, "death_date": null, "plot_id": null, "obituary": null, "maiden_name": null }, "geometry": { "type": "Polygon", "coordinates": [ [ [ -91.294104149532643, 36.989626356806021 ], [ -91.294104527766223, 36.989612628702659 ], [ -91.294138754902619, 36.989613235500741 ], [ -91.294138376675193, 36.989626963604323 ], [ -91.294104149532643, 36.989626356806021 ] ] ] } },
{ "type": "Feature", "properties": { "fid": 346, "lot_no": null, "plot_no": null, "status": null, "full_name": null, "birth_date": null, "death_date": null, "plot_id": null, "obituary": null, "maiden_name": null }, "geometry": { "type": "Polygon", "coordinates": [ [ [ -91.294105662465682, 36.989571444392368 ], [ -91.294105284232728, 36.989585172495822 ], [ -91.294071057109434, 36.989584565688318 ], [ -91.294071435348542, 36.989570837585077 ], [ -91.294105662465682, 36.989571444392368 ] ] ] } },
{ "type": "Feature", "properties": { "fid": 347, "lot_no": null, "plot_no": null, "status": null, "full_name": null, "birth_date": null, "death_date": null, "plot_id": null, "obituary": null, "maiden_name": null }, "geometry": { "type": "Polygon", "coordinates": [ [ [ -91.294105284232728, 36.989585172495822 ], [ -91.294104905999575, 36.989598900599262 ], [ -91.294070678870142, 36.989598293791531 ], [ -91.294071057109434, 36.989584565688318 ], [ -91.294105284232728, 36.989585172495822 ] ] ] } },
{ "type": "Feature", "properties": { "fid": 348, "lot_no": null, "plot_no": null, "status": null, "full_name": null, "birth_date": null, "death_date": null, "plot_id": null, "obituary": null, "maiden_name": null }, "geometry": { "type": "Polygon", "coordinates": [ [ [ -91.294104905999575, 36.989598900599262 ], [ -91.294104527766223, 36.989612628702659 ], [ -91.294070300630636, 36.9896120218947 ], [ -91.294070678870142, 36.989598293791531 ], [ -91.294104905999575, 36.989598900599262 ] ] ] } },
{ "type": "Feature", "properties": { "fid": 349, "lot_no": null, "plot_no": null, "status": null, "full_name": null, "birth_date": null, "death_date": null, "plot_id": null, "obituary": null, "maiden_name": null }, "geometry": { "type": "Polygon", "coordinates": [ [ [ -91.294104527766223, 36.989612628702659 ], [ -91.294104149532643, 36.989626356806021 ], [ -91.294069922390918, 36.989625749997842 ], [ -91.294070300630636, 36.9896120218947 ], [ -91.294104527766223, 36.989612628702659 ] ] ] } },
{ "type": "Feature", "properties": { "fid": 350, "lot_no": null, "plot_no": null, "status": null, "full_name": null, "birth_date": null, "death_date": null, "plot_id": null, "obituary": null, "maiden_name": null }, "geometry": { "type": "Polygon", "coordinates": [ [ [ -91.294105284232728, 36.989585172495822 ], [ -91.294105662465682, 36.989571444392368 ], [ -91.294139889583633, 36.989572051189789 ], [ -91.294139511356846, 36.989585779293485 ], [ -91.294105284232728, 36.989585172495822 ] ] ] } },
{ "type": "Feature", "properties": { "fid": 351, "lot_no": null, "plot_no": null, "status": null, "full_name": null, "birth_date": null, "death_date": null, "plot_id": null, "obituary": null, "maiden_name": null }, "geometry": { "type": "Polygon", "coordinates": [ [ [ -91.294104905999575, 36.989598900599262 ], [ -91.294105284232728, 36.989585172495822 ], [ -91.294139511356846, 36.989585779293485 ], [ -91.294139133129832, 36.989599507397131 ], [ -91.294104905999575, 36.989598900599262 ] ] ] } },
{ "type": "Feature", "properties": { "fid": 352, "lot_no": null, "plot_no": null, "status": null, "full_name": null, "birth_date": null, "death_date": null, "plot_id": null, "obituary": null, "maiden_name": null }, "geometry": { "type": "Polygon", "coordinates": [ [ [ -91.294104527766223, 36.989612628702659 ], [ -91.294104905999575, 36.989598900599262 ], [ -91.294139133129832, 36.989599507397131 ], [ -91.294138754902619, 36.989613235500741 ], [ -91.294104527766223, 36.989612628702659 ] ] ] } },
{ "type": "Feature", "properties": { "fid": 353, "lot_no": null, "plot_no": null, "status": null, "full_name": null, "birth_date": null, "death_date": null, "plot_id": null, "obituary": null, "maiden_name": null }, "geometry": { "type": "Polygon", "coordinates": [ [ [ -91.294186534979303, 36.989386043215596 ], [ -91.294186913195674, 36.98937231511114 ], [ -91.294221140225702, 36.989372921883536 ], [ -91.29422076201547, 36.989386649988212 ], [ -91.294186534979303, 36.989386043215596 ] ] ] } },
{ "type": "Feature", "properties": { "fid": 354, "lot_no": null, "plot_no": null, "status": null, "full_name": null, "birth_date": null, "death_date": null, "plot_id": null, "obituary": null, "maiden_name": null }, "geometry": { "type": "Polygon", "coordinates": [ [ [ -91.294188047843519, 36.989331130797545 ], [ -91.294187669627775, 36.989344858902115 ], [ -91.294153442610863, 36.989344252120283 ], [ -91.294153820832761, 36.989330524015926 ], [ -91.294188047843519, 36.989331130797545 ] ] ] } },
{ "type": "Feature", "properties": { "fid": 355, "lot_no": null, "plot_no": null, "status": null, "full_name": null, "birth_date": null, "death_date": null, "plot_id": null, "obituary": null, "maiden_name": null }, "geometry": { "type": "Polygon", "coordinates": [ [ [ -91.294187669627775, 36.989344858902115 ], [ -91.294187291411816, 36.989358587006635 ], [ -91.29415306438878, 36.989357980224568 ], [ -91.294153442610863, 36.989344252120283 ], [ -91.294187669627775, 36.989344858902115 ] ] ] } },
{ "type": "Feature", "properties": { "fid": 356, "lot_no": null, "plot_no": null, "status": null, "full_name": null, "birth_date": null, "death_date": null, "plot_id": null, "obituary": null, "maiden_name": null }, "geometry": { "type": "Polygon", "coordinates": [ [ [ -91.294187291411816, 36.989358587006635 ], [ -91.294186913195674, 36.98937231511114 ], [ -91.294152686166484, 36.989371708328846 ], [ -91.29415306438878, 36.989357980224568 ], [ -91.294187291411816, 36.989358587006635 ] ] ] } },
{ "type": "Feature", "properties": { "fid": 357, "lot_no": null, "plot_no": null, "status": null, "full_name": null, "birth_date": null, "death_date": null, "plot_id": null, "obituary": null, "maiden_name": null }, "geometry": { "type": "Polygon", "coordinates": [ [ [ -91.294186913195674, 36.98937231511114 ], [ -91.294186534979303, 36.989386043215596 ], [ -91.294152307943961, 36.989385436433089 ], [ -91.294152686166484, 36.989371708328846 ], [ -91.294186913195674, 36.98937231511114 ] ] ] } },
{ "type": "Feature", "properties": { "fid": 358, "lot_no": null, "plot_no": null, "status": null, "full_name": null, "birth_date": null, "death_date": null, "plot_id": null, "obituary": null, "maiden_name": null }, "geometry": { "type": "Polygon", "coordinates": [ [ [ -91.294187669627775, 36.989344858902115 ], [ -91.294188047843519, 36.989331130797545 ], [ -91.294222274855102, 36.989331737569316 ], [ -91.294221896645496, 36.989345465674084 ], [ -91.294187669627775, 36.989344858902115 ] ] ] } },
{ "type": "Feature", "properties": { "fid": 359, "lot_no": null, "plot_no": null, "status": null, "full_name": null, "birth_date": null, "death_date": null, "plot_id": null, "obituary": null, "maiden_name": null }, "geometry": { "type": "Polygon", "coordinates": [ [ [ -91.294187291411816, 36.989358587006635 ], [ -91.294187669627775, 36.989344858902115 ], [ -91.294221896645496, 36.989345465674084 ], [ -91.294221518435691, 36.989359193778824 ], [ -91.294187291411816, 36.989358587006635 ] ] ] } },
{ "type": "Feature", "properties": { "fid": 360, "lot_no": null, "plot_no": null, "status": null, "full_name": null, "birth_date": null, "death_date": null, "plot_id": null, "obituary": null, "maiden_name": null }, "geometry": { "type": "Polygon", "coordinates": [ [ [ -91.294186913195674, 36.98937231511114 ], [ -91.294187291411816, 36.989358587006635 ], [ -91.294221518435691, 36.989359193778824 ], [ -91.294221140225702, 36.989372921883536 ], [ -91.294186913195674, 36.98937231511114 ] ] ] } },
{ "type": "Feature", "properties": { "fid": 361, "lot_no": null, "plot_no": null, "status": null, "full_name": null, "birth_date": null, "death_date": null, "plot_id": null, "obituary": null, "maiden_name": null }, "geometry": { "type": "Polygon", "coordinates": [ [ [ -91.294184721600601, 36.989446442923175 ], [ -91.294185099817881, 36.989432714818875 ], [ -91.294219326874952, 36.989433321592287 ], [ -91.294218948663811, 36.989447049696821 ], [ -91.294184721600601, 36.989446442923175 ] ] ] } },
{ "type": "Feature", "properties": { "fid": 362, "lot_no": null, "plot_no": null, "status": null, "full_name": null, "birth_date": null, "death_date": null, "plot_id": null, "obituary": null, "maiden_name": null }, "geometry": { "type": "Polygon", "coordinates": [ [ [ -91.294186234468526, 36.989391530505756 ], [ -91.294185856251843, 36.989405258610162 ], [ -91.294151629207903, 36.989404651827321 ], [ -91.294152007430725, 36.989390923723143 ], [ -91.294186234468526, 36.989391530505756 ] ] ] } },
{ "type": "Feature", "properties": { "fid": 363, "lot_no": null, "plot_no": null, "status": null, "full_name": null, "birth_date": null, "death_date": null, "plot_id": null, "obituary": null, "maiden_name": null }, "geometry": { "type": "Polygon", "coordinates": [ [ [ -91.294185856251843, 36.989405258610162 ], [ -91.294185478034976, 36.989418986714533 ], [ -91.294151250984882, 36.989418379931479 ], [ -91.294151629207903, 36.989404651827321 ], [ -91.294185856251843, 36.989405258610162 ] ] ] } },
{ "type": "Feature", "properties": { "fid": 364, "lot_no": null, "plot_no": null, "status": null, "full_name": null, "birth_date": null, "death_date": null, "plot_id": null, "obituary": null, "maiden_name": null }, "geometry": { "type": "Polygon", "coordinates": [ [ [ -91.294185478034976, 36.989418986714533 ], [ -91.294185099817881, 36.989432714818875 ], [ -91.294150872761648, 36.989432108035594 ], [ -91.294151250984882, 36.989418379931479 ], [ -91.294185478034976, 36.989418986714533 ] ] ] } },
{ "type": "Feature", "properties": { "fid": 365, "lot_no": null, "plot_no": null, "status": null, "full_name": null, "birth_date": null, "death_date": null, "plot_id": null, "obituary": null, "maiden_name": null }, "geometry": { "type": "Polygon", "coordinates": [ [ [ -91.294185099817881, 36.989432714818875 ], [ -91.294184721600601, 36.989446442923175 ], [ -91.294150494538215, 36.989445836139673 ], [ -91.294150872761648, 36.989432108035594 ], [ -91.294185099817881, 36.989432714818875 ] ] ] } },
{ "type": "Feature", "properties": { "fid": 366, "lot_no": null, "plot_no": null, "status": null, "full_name": null, "birth_date": null, "death_date": null, "plot_id": null, "obituary": null, "maiden_name": null }, "geometry": { "type": "Polygon", "coordinates": [ [ [ -91.294185856251843, 36.989405258610162 ], [ -91.294186234468526, 36.989391530505756 ], [ -91.294220461507138, 36.989392137278514 ], [ -91.294220083296608, 36.989405865383148 ], [ -91.294185856251843, 36.989405258610162 ] ] ] } },
{ "type": "Feature", "properties": { "fid": 367, "lot_no": null, "plot_no": null, "status": null, "full_name": null, "birth_date": null, "death_date": null, "plot_id": null, "obituary": null, "maiden_name": null }, "geometry": { "type": "Polygon", "coordinates": [ [ [ -91.294185478034976, 36.989418986714533 ], [ -91.294185856251843, 36.989405258610162 ], [ -91.294220083296608, 36.989405865383148 ], [ -91.294219705085879, 36.989419593487739 ], [ -91.294185478034976, 36.989418986714533 ] ] ] } },
{ "type": "Feature", "properties": { "fid": 368, "lot_no": null, "plot_no": null, "status": null, "full_name": null, "birth_date": null, "death_date": null, "plot_id": null, "obituary": null, "maiden_name": null }, "geometry": { "type": "Polygon", "coordinates": [ [ [ -91.294185099817881, 36.989432714818875 ], [ -91.294185478034976, 36.989418986714533 ], [ -91.294219705085879, 36.989419593487739 ], [ -91.294219326874952, 36.989433321592287 ], [ -91.294185099817881, 36.989432714818875 ] ] ] } },
{ "type": "Feature", "properties": { "fid": 369, "lot_no": null, "plot_no": null, "status": null, "full_name": null, "birth_date": null, "death_date": null, "plot_id": null, "obituary": null, "maiden_name": null }, "geometry": { "type": "Polygon", "coordinates": [ [ [ -91.294182800900643, 36.989506838171103 ], [ -91.294183179118875, 36.98949311006696 ], [ -91.294217406202975, 36.989493716841416 ], [ -91.294217027990882, 36.989507444945772 ], [ -91.294182800900643, 36.989506838171103 ] ] ] } },
{ "type": "Feature", "properties": { "fid": 370, "lot_no": null, "plot_no": null, "status": null, "full_name": null, "birth_date": null, "death_date": null, "plot_id": null, "obituary": null, "maiden_name": null }, "geometry": { "type": "Polygon", "coordinates": [ [ [ -91.294184313772348, 36.989451925754302 ], [ -91.294183935554742, 36.989465653858559 ], [ -91.294149708483758, 36.989465047074674 ], [ -91.294150086707504, 36.989451318970637 ], [ -91.294184313772348, 36.989451925754302 ] ] ] } },
{ "type": "Feature", "properties": { "fid": 371, "lot_no": null, "plot_no": null, "status": null, "full_name": null, "birth_date": null, "death_date": null, "plot_id": null, "obituary": null, "maiden_name": null }, "geometry": { "type": "Polygon", "coordinates": [ [ [ -91.294183935554742, 36.989465653858559 ], [ -91.294183557336893, 36.989479381962781 ], [ -91.294149330259785, 36.989478775178668 ], [ -91.294149708483758, 36.989465047074674 ], [ -91.294183935554742, 36.989465653858559 ] ] ] } },
{ "type": "Feature", "properties": { "fid": 372, "lot_no": null, "plot_no": null, "status": null, "full_name": null, "birth_date": null, "death_date": null, "plot_id": null, "obituary": null, "maiden_name": null }, "geometry": { "type": "Polygon", "coordinates": [ [ [ -91.294183557336893, 36.989479381962781 ], [ -91.294183179118875, 36.98949311006696 ], [ -91.294148952035613, 36.989492503282641 ], [ -91.294149330259785, 36.989478775178668 ], [ -91.294183557336893, 36.989479381962781 ] ] ] } },
{ "type": "Feature", "properties": { "fid": 373, "lot_no": null, "plot_no": null, "status": null, "full_name": null, "birth_date": null, "death_date": null, "plot_id": null, "obituary": null, "maiden_name": null }, "geometry": { "type": "Polygon", "coordinates": [ [ [ -91.294183179118875, 36.98949311006696 ], [ -91.294182800900643, 36.989506838171103 ], [ -91.294148573811214, 36.989506231386571 ], [ -91.294148952035613, 36.989492503282641 ], [ -91.294183179118875, 36.98949311006696 ] ] ] } },
{ "type": "Feature", "properties": { "fid": 374, "lot_no": null, "plot_no": null, "status": null, "full_name": null, "birth_date": null, "death_date": null, "plot_id": null, "obituary": null, "maiden_name": null }, "geometry": { "type": "Polygon", "coordinates": [ [ [ -91.294183935554742, 36.989465653858559 ], [ -91.294184313772348, 36.989451925754302 ], [ -91.294218540838003, 36.989452532528105 ], [ -91.294218162626521, 36.989466260632582 ], [ -91.294183935554742, 36.989465653858559 ] ] ] } },
{ "type": "Feature", "properties": { "fid": 375, "lot_no": null, "plot_no": null, "status": null, "full_name": null, "birth_date": null, "death_date": null, "plot_id": null, "obituary": null, "maiden_name": null }, "geometry": { "type": "Polygon", "coordinates": [ [ [ -91.294183557336893, 36.989479381962781 ], [ -91.294183935554742, 36.989465653858559 ], [ -91.294218162626521, 36.989466260632582 ], [ -91.294217784414855, 36.989479988737017 ], [ -91.294183557336893, 36.989479381962781 ] ] ] } },
{ "type": "Feature", "properties": { "fid": 376, "lot_no": null, "plot_no": null, "status": null, "full_name": null, "birth_date": null, "death_date": null, "plot_id": null, "obituary": null, "maiden_name": null }, "geometry": { "type": "Polygon", "coordinates": [ [ [ -91.294183179118875, 36.98949311006696 ], [ -91.294183557336893, 36.989479381962781 ], [ -91.294217784414855, 36.989479988737017 ], [ -91.294217406202975, 36.989493716841416 ], [ -91.294183179118875, 36.98949311006696 ] ] ] } },
{ "type": "Feature", "properties": { "fid": 377, "lot_no": null, "plot_no": null, "status": null, "full_name": null, "birth_date": null, "death_date": null, "plot_id": null, "obituary": null, "maiden_name": null }, "geometry": { "type": "Polygon", "coordinates": [ [ [ -91.294180916371033, 36.989567235072784 ], [ -91.294181294590217, 36.98955350696879 ], [ -91.294215521701332, 36.989554113744262 ], [ -91.294215143488302, 36.989567841848491 ], [ -91.294180916371033, 36.989567235072784 ] ] ] } },
{ "type": "Feature", "properties": { "fid": 378, "lot_no": null, "plot_no": null, "status": null, "full_name": null, "birth_date": null, "death_date": null, "plot_id": null, "obituary": null, "maiden_name": null }, "geometry": { "type": "Polygon", "coordinates": [ [ [ -91.29418242924649, 36.989512322656594 ], [ -91.294182051027946, 36.989526050760688 ], [ -91.294147823929919, 36.989525443975786 ], [ -91.294148202154631, 36.989511715871906 ], [ -91.29418242924649, 36.989512322656594 ] ] ] } },
{ "type": "Feature", "properties": { "fid": 379, "lot_no": null, "plot_no": null, "status": null, "full_name": null, "birth_date": null, "death_date": null, "plot_id": null, "obituary": null, "maiden_name": null }, "geometry": { "type": "Polygon", "coordinates": [ [ [ -91.294182051027946, 36.989526050760688 ], [ -91.294181672809174, 36.98953977886476 ], [ -91.294147445705008, 36.989539172079624 ], [ -91.294147823929919, 36.989525443975786 ], [ -91.294182051027946, 36.989526050760688 ] ] ] } },
{ "type": "Feature", "properties": { "fid": 380, "lot_no": null, "plot_no": null, "status": null, "full_name": null, "birth_date": null, "death_date": null, "plot_id": null, "obituary": null, "maiden_name": null }, "geometry": { "type": "Polygon", "coordinates": [ [ [ -91.294181672809174, 36.98953977886476 ], [ -91.294181294590217, 36.98955350696879 ], [ -91.294147067479884, 36.989552900183433 ], [ -91.294147445705008, 36.989539172079624 ], [ -91.294181672809174, 36.98953977886476 ] ] ] } },
{ "type": "Feature", "properties": { "fid": 381, "lot_no": null, "plot_no": null, "status": null, "full_name": null, "birth_date": null, "death_date": null, "plot_id": null, "obituary": null, "maiden_name": null }, "geometry": { "type": "Polygon", "coordinates": [ [ [ -91.294181294590217, 36.98955350696879 ], [ -91.294180916371033, 36.989567235072784 ], [ -91.294146689254575, 36.989566628287214 ], [ -91.294147067479884, 36.989552900183433 ], [ -91.294181294590217, 36.98955350696879 ] ] ] } },
{ "type": "Feature", "properties": { "fid": 382, "lot_no": null, "plot_no": null, "status": null, "full_name": null, "birth_date": null, "death_date": null, "plot_id": null, "obituary": null, "maiden_name": null }, "geometry": { "type": "Polygon", "coordinates": [ [ [ -91.294182051027946, 36.989526050760688 ], [ -91.29418242924649, 36.989512322656594 ], [ -91.294216656339188, 36.989512929431427 ], [ -91.294216278126783, 36.989526657535734 ], [ -91.294182051027946, 36.989526050760688 ] ] ] } },
{ "type": "Feature", "properties": { "fid": 383, "lot_no": null, "plot_no": null, "status": null, "full_name": null, "birth_date": null, "death_date": null, "plot_id": null, "obituary": null, "maiden_name": null }, "geometry": { "type": "Polygon", "coordinates": [ [ [ -91.294181672809174, 36.98953977886476 ], [ -91.294182051027946, 36.989526050760688 ], [ -91.294216278126783, 36.989526657535734 ], [ -91.294215899914164, 36.989540385640026 ], [ -91.294181672809174, 36.98953977886476 ] ] ] } },
{ "type": "Feature", "properties": { "fid": 384, "lot_no": null, "plot_no": null, "status": null, "full_name": null, "birth_date": null, "death_date": null, "plot_id": null, "obituary": null, "maiden_name": null }, "geometry": { "type": "Polygon", "coordinates": [ [ [ -91.294181294590217, 36.98955350696879 ], [ -91.294181672809174, 36.98953977886476 ], [ -91.294215899914164, 36.989540385640026 ], [ -91.294215521701332, 36.989554113744262 ], [ -91.294181294590217, 36.98955350696879 ] ] ] } },
{ "type": "Feature", "properties": { "fid": 385, "lot_no": null, "plot_no": null, "status": null, "full_name": null, "birth_date": null, "death_date": null, "plot_id": null, "obituary": null, "maiden_name": null }, "geometry": { "type": "Polygon", "coordinates": [ [ [ -91.294179450369924, 36.989627639942007 ], [ -91.294179828589961, 36.989613911838177 ], [ -91.294214055728148, 36.989614518614566 ], [ -91.294213677514236, 36.989628246718624 ], [ -91.294179450369924, 36.989627639942007 ] ] ] } },
{ "type": "Feature", "properties": { "fid": 386, "lot_no": null, "plot_no": null, "status": null, "full_name": null, "birth_date": null, "death_date": null, "plot_id": null, "obituary": null, "maiden_name": null }, "geometry": { "type": "Polygon", "coordinates": [ [ [ -91.294180963248849, 36.989572727526436 ], [ -91.294180585029423, 36.989586455630388 ], [ -91.294146357904353, 36.989585848844563 ], [ -91.294146736129946, 36.989572120740839 ], [ -91.294180963248849, 36.989572727526436 ] ] ] } },
{ "type": "Feature", "properties": { "fid": 387, "lot_no": null, "plot_no": null, "status": null, "full_name": null, "birth_date": null, "death_date": null, "plot_id": null, "obituary": null, "maiden_name": null }, "geometry": { "type": "Polygon", "coordinates": [ [ [ -91.294180585029423, 36.989586455630388 ], [ -91.294180206809799, 36.989600183734289 ], [ -91.294145979678589, 36.989599576948265 ], [ -91.294146357904353, 36.989585848844563 ], [ -91.294180585029423, 36.989586455630388 ] ] ] } },
{ "type": "Feature", "properties": { "fid": 388, "lot_no": null, "plot_no": null, "status": null, "full_name": null, "birth_date": null, "death_date": null, "plot_id": null, "obituary": null, "maiden_name": null }, "geometry": { "type": "Polygon", "coordinates": [ [ [ -91.294180206809799, 36.989600183734289 ], [ -91.294179828589961, 36.989613911838177 ], [ -91.294145601452612, 36.989613305051911 ], [ -91.294145979678589, 36.989599576948265 ], [ -91.294180206809799, 36.989600183734289 ] ] ] } },
{ "type": "Feature", "properties": { "fid": 389, "lot_no": null, "plot_no": null, "status": null, "full_name": null, "birth_date": null, "death_date": null, "plot_id": null, "obituary": null, "maiden_name": null }, "geometry": { "type": "Polygon", "coordinates": [ [ [ -91.294179828589961, 36.989613911838177 ], [ -91.294179450369924, 36.989627639942007 ], [ -91.294145223226408, 36.989627033155543 ], [ -91.294145601452612, 36.989613305051911 ], [ -91.294179828589961, 36.989613911838177 ] ] ] } },
{ "type": "Feature", "properties": { "fid": 390, "lot_no": null, "plot_no": null, "status": null, "full_name": null, "birth_date": null, "death_date": null, "plot_id": null, "obituary": null, "maiden_name": null }, "geometry": { "type": "Polygon", "coordinates": [ [ [ -91.294180585029423, 36.989586455630388 ], [ -91.294180963248849, 36.989572727526436 ], [ -91.29421519036859, 36.989573334302172 ], [ -91.294214812155332, 36.989587062406329 ], [ -91.294180585029423, 36.989586455630388 ] ] ] } },
{ "type": "Feature", "properties": { "fid": 391, "lot_no": null, "plot_no": null, "status": null, "full_name": null, "birth_date": null, "death_date": null, "plot_id": null, "obituary": null, "maiden_name": null }, "geometry": { "type": "Polygon", "coordinates": [ [ [ -91.294180206809799, 36.989600183734289 ], [ -91.294180585029423, 36.989586455630388 ], [ -91.294214812155332, 36.989587062406329 ], [ -91.294214433941832, 36.989600790510458 ], [ -91.294180206809799, 36.989600183734289 ] ] ] } },
{ "type": "Feature", "properties": { "fid": 392, "lot_no": null, "plot_no": null, "status": null, "full_name": null, "birth_date": null, "death_date": null, "plot_id": null, "obituary": null, "maiden_name": null }, "geometry": { "type": "Polygon", "coordinates": [ [ [ -91.294179828589961, 36.989613911838177 ], [ -91.294180206809799, 36.989600183734289 ], [ -91.294214433941832, 36.989600790510458 ], [ -91.294214055728148, 36.989614518614566 ], [ -91.294179828589961, 36.989613911838177 ] ] ] } },
{ "type": "Feature", "properties": { "fid": 393, "lot_no": null, "plot_no": null, "status": null, "full_name": null, "birth_date": null, "death_date": null, "plot_id": null, "obituary": null, "maiden_name": null }, "geometry": { "type": "Polygon", "coordinates": [ [ [ -91.294261832875037, 36.989387426124239 ], [ -91.294262211077864, 36.9893736980193 ], [ -91.294296438109711, 36.989374304770017 ], [ -91.294296059913023, 36.989388032875183 ], [ -91.294261832875037, 36.989387426124239 ] ] ] } },
{ "type": "Feature", "properties": { "fid": 394, "lot_no": null, "plot_no": null, "status": null, "full_name": null, "birth_date": null, "death_date": null, "plot_id": null, "obituary": null, "maiden_name": null }, "geometry": { "type": "Polygon", "coordinates": [ [ [ -91.294263345685152, 36.989332513704277 ], [ -91.294262967482936, 36.989346241809329 ], [ -91.294228740464192, 36.989345635049176 ], [ -91.294229118672575, 36.989331906944358 ], [ -91.294263345685152, 36.989332513704277 ] ] ] } },
{ "type": "Feature", "properties": { "fid": 395, "lot_no": null, "plot_no": null, "status": null, "full_name": null, "birth_date": null, "death_date": null, "plot_id": null, "obituary": null, "maiden_name": null }, "geometry": { "type": "Polygon", "coordinates": [ [ [ -91.294262967482936, 36.989346241809329 ], [ -91.294262589280507, 36.989359969914325 ], [ -91.294228362255623, 36.989359363153966 ], [ -91.294228740464192, 36.989345635049176 ], [ -91.294262967482936, 36.989346241809329 ] ] ] } },
{ "type": "Feature", "properties": { "fid": 396, "lot_no": null, "plot_no": null, "status": null, "full_name": null, "birth_date": null, "death_date": null, "plot_id": null, "obituary": null, "maiden_name": null }, "geometry": { "type": "Polygon", "coordinates": [ [ [ -91.294262589280507, 36.989359969914325 ], [ -91.294262211077864, 36.9893736980193 ], [ -91.294227984046842, 36.98937309125872 ], [ -91.294228362255623, 36.989359363153966 ], [ -91.294262589280507, 36.989359969914325 ] ] ] } },
{ "type": "Feature", "properties": { "fid": 397, "lot_no": null, "plot_no": null, "status": null, "full_name": null, "birth_date": null, "death_date": null, "plot_id": null, "obituary": null, "maiden_name": null }, "geometry": { "type": "Polygon", "coordinates": [ [ [ -91.294262211077864, 36.9893736980193 ], [ -91.294261832875037, 36.989387426124239 ], [ -91.294227605837861, 36.989386819363446 ], [ -91.294227984046842, 36.98937309125872 ], [ -91.294262211077864, 36.9893736980193 ] ] ] } },
{ "type": "Feature", "properties": { "fid": 398, "lot_no": null, "plot_no": null, "status": null, "full_name": null, "birth_date": null, "death_date": null, "plot_id": null, "obituary": null, "maiden_name": null }, "geometry": { "type": "Polygon", "coordinates": [ [ [ -91.294262967482936, 36.989346241809329 ], [ -91.294263345685152, 36.989332513704277 ], [ -91.294297572698554, 36.989333120454347 ], [ -91.294297194502477, 36.989346848559599 ], [ -91.294262967482936, 36.989346241809329 ] ] ] } },
{ "type": "Feature", "properties": { "fid": 399, "lot_no": null, "plot_no": null, "status": null, "full_name": null, "birth_date": null, "death_date": null, "plot_id": null, "obituary": null, "maiden_name": null }, "geometry": { "type": "Polygon", "coordinates": [ [ [ -91.294262589280507, 36.989359969914325 ], [ -91.294262967482936, 36.989346241809329 ], [ -91.294297194502477, 36.989346848559599 ], [ -91.294296816306201, 36.989360576664829 ], [ -91.294262589280507, 36.989359969914325 ] ] ] } },
{ "type": "Feature", "properties": { "fid": 400, "lot_no": null, "plot_no": null, "status": null, "full_name": null, "birth_date": null, "death_date": null, "plot_id": null, "obituary": null, "maiden_name": null }, "geometry": { "type": "Polygon", "coordinates": [ [ [ -91.294262211077864, 36.9893736980193 ], [ -91.294262589280507, 36.989359969914325 ], [ -91.294296816306201, 36.989360576664829 ], [ -91.294296438109711, 36.989374304770017 ], [ -91.294262211077864, 36.9893736980193 ] ] ] } },
{ "type": "Feature", "properties": { "fid": 401, "lot_no": null, "plot_no": null, "status": null, "full_name": null, "birth_date": null, "death_date": null, "plot_id": null, "obituary": null, "maiden_name": null }, "geometry": { "type": "Polygon", "coordinates": [ [ [ -91.294260019555793, 36.989447825834041 ], [ -91.294260397759558, 36.989434097729266 ], [ -91.294294624818448, 36.989434704480992 ], [ -91.294294246620836, 36.989448432585995 ], [ -91.294260019555793, 36.989447825834041 ] ] ] } },
{ "type": "Feature", "properties": { "fid": 402, "lot_no": null, "plot_no": null, "status": null, "full_name": null, "birth_date": null, "death_date": null, "plot_id": null, "obituary": null, "maiden_name": null }, "geometry": { "type": "Polygon", "coordinates": [ [ [ -91.294261532369632, 36.989392913414704 ], [ -91.294261154166477, 36.989406641519587 ], [ -91.294226927120704, 36.989406034758431 ], [ -91.294227305330011, 36.98939230665377 ], [ -91.294261532369632, 36.989392913414704 ] ] ] } },
{ "type": "Feature", "properties": { "fid": 403, "lot_no": null, "plot_no": null, "status": null, "full_name": null, "birth_date": null, "death_date": null, "plot_id": null, "obituary": null, "maiden_name": null }, "geometry": { "type": "Polygon", "coordinates": [ [ [ -91.294261154166477, 36.989406641519587 ], [ -91.294260775963124, 36.98942036962444 ], [ -91.294226548911226, 36.989419762863065 ], [ -91.294226927120704, 36.989406034758431 ], [ -91.294261154166477, 36.989406641519587 ] ] ] } },
{ "type": "Feature", "properties": { "fid": 404, "lot_no": null, "plot_no": null, "status": null, "full_name": null, "birth_date": null, "death_date": null, "plot_id": null, "obituary": null, "maiden_name": null }, "geometry": { "type": "Polygon", "coordinates": [ [ [ -91.294260775963124, 36.98942036962444 ], [ -91.294260397759558, 36.989434097729266 ], [ -91.294226170701506, 36.989433490967684 ], [ -91.294226548911226, 36.989419762863065 ], [ -91.294260775963124, 36.98942036962444 ] ] ] } },
{ "type": "Feature", "properties": { "fid": 405, "lot_no": null, "plot_no": null, "status": null, "full_name": null, "birth_date": null, "death_date": null, "plot_id": null, "obituary": null, "maiden_name": null }, "geometry": { "type": "Polygon", "coordinates": [ [ [ -91.294260397759558, 36.989434097729266 ], [ -91.294260019555793, 36.989447825834041 ], [ -91.294225792491588, 36.989447219072233 ], [ -91.294226170701506, 36.989433490967684 ], [ -91.294260397759558, 36.989434097729266 ] ] ] } },
{ "type": "Feature", "properties": { "fid": 406, "lot_no": null, "plot_no": null, "status": null, "full_name": null, "birth_date": null, "death_date": null, "plot_id": null, "obituary": null, "maiden_name": null }, "geometry": { "type": "Polygon", "coordinates": [ [ [ -91.294261154166477, 36.989406641519587 ], [ -91.294261532369632, 36.989392913414704 ], [ -91.294295759410062, 36.98939352016577 ], [ -91.29429538121309, 36.989407248270886 ], [ -91.294261154166477, 36.989406641519587 ] ] ] } },
{ "type": "Feature", "properties": { "fid": 407, "lot_no": null, "plot_no": null, "status": null, "full_name": null, "birth_date": null, "death_date": null, "plot_id": null, "obituary": null, "maiden_name": null }, "geometry": { "type": "Polygon", "coordinates": [ [ [ -91.294260775963124, 36.98942036962444 ], [ -91.294261154166477, 36.989406641519587 ], [ -91.29429538121309, 36.989407248270886 ], [ -91.294295003015876, 36.989420976375946 ], [ -91.294260775963124, 36.98942036962444 ] ] ] } },
{ "type": "Feature", "properties": { "fid": 408, "lot_no": null, "plot_no": null, "status": null, "full_name": null, "birth_date": null, "death_date": null, "plot_id": null, "obituary": null, "maiden_name": null }, "geometry": { "type": "Polygon", "coordinates": [ [ [ -91.294260397759558, 36.989434097729266 ], [ -91.294260775963124, 36.98942036962444 ], [ -91.294295003015876, 36.989420976375946 ], [ -91.294294624818448, 36.989434704480992 ], [ -91.294260397759558, 36.989434097729266 ] ] ] } },
{ "type": "Feature", "properties": { "fid": 409, "lot_no": null, "plot_no": null, "status": null, "full_name": null, "birth_date": null, "death_date": null, "plot_id": null, "obituary": null, "maiden_name": null }, "geometry": { "type": "Polygon", "coordinates": [ [ [ -91.294258098915307, 36.98950822108425 ], [ -91.294258477120039, 36.989494492979638 ], [ -91.294292704205958, 36.989495099732387 ], [ -91.29429232600738, 36.989508827837234 ], [ -91.294258098915307, 36.98950822108425 ] ] ] } },
{ "type": "Feature", "properties": { "fid": 410, "lot_no": null, "plot_no": null, "status": null, "full_name": null, "birth_date": null, "death_date": null, "plot_id": null, "obituary": null, "maiden_name": null }, "geometry": { "type": "Polygon", "coordinates": [ [ [ -91.29425961173294, 36.989453308665531 ], [ -91.294259233528848, 36.989467036770272 ], [ -91.294225006456031, 36.989466430008086 ], [ -91.294225384666277, 36.989452701903566 ], [ -91.29425961173294, 36.989453308665531 ] ] ] } },
{ "type": "Feature", "properties": { "fid": 411, "lot_no": null, "plot_no": null, "status": null, "full_name": null, "birth_date": null, "death_date": null, "plot_id": null, "obituary": null, "maiden_name": null }, "geometry": { "type": "Polygon", "coordinates": [ [ [ -91.294259233528848, 36.989467036770272 ], [ -91.294258855324529, 36.989480764874955 ], [ -91.294224628245601, 36.989480158112556 ], [ -91.294225006456031, 36.989466430008086 ], [ -91.294259233528848, 36.989467036770272 ] ] ] } },
{ "type": "Feature", "properties": { "fid": 412, "lot_no": null, "plot_no": null, "status": null, "full_name": null, "birth_date": null, "death_date": null, "plot_id": null, "obituary": null, "maiden_name": null }, "geometry": { "type": "Polygon", "coordinates": [ [ [ -91.294258855324529, 36.989480764874955 ], [ -91.294258477120039, 36.989494492979638 ], [ -91.294224250034929, 36.989493886217012 ], [ -91.294224628245601, 36.989480158112556 ], [ -91.294258855324529, 36.989480764874955 ] ] ] } },
{ "type": "Feature", "properties": { "fid": 413, "lot_no": null, "plot_no": null, "status": null, "full_name": null, "birth_date": null, "death_date": null, "plot_id": null, "obituary": null, "maiden_name": null }, "geometry": { "type": "Polygon", "coordinates": [ [ [ -91.294258477120039, 36.989494492979638 ], [ -91.294258098915307, 36.98950822108425 ], [ -91.294223871824073, 36.989507614321411 ], [ -91.294224250034929, 36.989493886217012 ], [ -91.294258477120039, 36.989494492979638 ] ] ] } },
{ "type": "Feature", "properties": { "fid": 414, "lot_no": null, "plot_no": null, "status": null, "full_name": null, "birth_date": null, "death_date": null, "plot_id": null, "obituary": null, "maiden_name": null }, "geometry": { "type": "Polygon", "coordinates": [ [ [ -91.294259233528848, 36.989467036770272 ], [ -91.29425961173294, 36.989453308665531 ], [ -91.294293838800414, 36.989453915417641 ], [ -91.294293460602475, 36.989467643522588 ], [ -91.294259233528848, 36.989467036770272 ] ] ] } },
{ "type": "Feature", "properties": { "fid": 415, "lot_no": null, "plot_no": null, "status": null, "full_name": null, "birth_date": null, "death_date": null, "plot_id": null, "obituary": null, "maiden_name": null }, "geometry": { "type": "Polygon", "coordinates": [ [ [ -91.294258855324529, 36.989480764874955 ], [ -91.294259233528848, 36.989467036770272 ], [ -91.294293460602475, 36.989467643522588 ], [ -91.294293082404309, 36.989481371627498 ], [ -91.294258855324529, 36.989480764874955 ] ] ] } },
{ "type": "Feature", "properties": { "fid": 416, "lot_no": null, "plot_no": null, "status": null, "full_name": null, "birth_date": null, "death_date": null, "plot_id": null, "obituary": null, "maiden_name": null }, "geometry": { "type": "Polygon", "coordinates": [ [ [ -91.294258477120039, 36.989494492979638 ], [ -91.294258855324529, 36.989480764874955 ], [ -91.294293082404309, 36.989481371627498 ], [ -91.294292704205958, 36.989495099732387 ], [ -91.294258477120039, 36.989494492979638 ] ] ] } },
{ "type": "Feature", "properties": { "fid": 417, "lot_no": null, "plot_no": null, "status": null, "full_name": null, "birth_date": null, "death_date": null, "plot_id": null, "obituary": null, "maiden_name": null }, "geometry": { "type": "Polygon", "coordinates": [ [ [ -91.294256214445184, 36.989568617988191 ], [ -91.294256592650839, 36.989554889883713 ], [ -91.294290819763802, 36.989555496637507 ], [ -91.294290441564286, 36.989569224742205 ], [ -91.294256214445184, 36.989568617988191 ] ] ] } },
{ "type": "Feature", "properties": { "fid": 418, "lot_no": null, "plot_no": null, "status": null, "full_name": null, "birth_date": null, "death_date": null, "plot_id": null, "obituary": null, "maiden_name": null }, "geometry": { "type": "Polygon", "coordinates": [ [ [ -91.294257727266569, 36.989513705570076 ], [ -91.294257349061539, 36.989527433674652 ], [ -91.294223121961693, 36.989526826911444 ], [ -91.294223500172876, 36.989513098807087 ], [ -91.294257727266569, 36.989513705570076 ] ] ] } },
{ "type": "Feature", "properties": { "fid": 419, "lot_no": null, "plot_no": null, "status": null, "full_name": null, "birth_date": null, "death_date": null, "plot_id": null, "obituary": null, "maiden_name": null }, "geometry": { "type": "Polygon", "coordinates": [ [ [ -91.294257349061539, 36.989527433674652 ], [ -91.294256970856296, 36.989541161779208 ], [ -91.294222743750311, 36.989540555015772 ], [ -91.294223121961693, 36.989526826911444 ], [ -91.294257349061539, 36.989527433674652 ] ] ] } },
{ "type": "Feature", "properties": { "fid": 420, "lot_no": null, "plot_no": null, "status": null, "full_name": null, "birth_date": null, "death_date": null, "plot_id": null, "obituary": null, "maiden_name": null }, "geometry": { "type": "Polygon", "coordinates": [ [ [ -91.294256970856296, 36.989541161779208 ], [ -91.294256592650839, 36.989554889883713 ], [ -91.294222365538701, 36.989554283120057 ], [ -91.294222743750311, 36.989540555015772 ], [ -91.294256970856296, 36.989541161779208 ] ] ] } },
{ "type": "Feature", "properties": { "fid": 421, "lot_no": null, "plot_no": null, "status": null, "full_name": null, "birth_date": null, "death_date": null, "plot_id": null, "obituary": null, "maiden_name": null }, "geometry": { "type": "Polygon", "coordinates": [ [ [ -91.294256592650839, 36.989554889883713 ], [ -91.294256214445184, 36.989568617988191 ], [ -91.294221987326893, 36.989568011224307 ], [ -91.294222365538701, 36.989554283120057 ], [ -91.294256592650839, 36.989554889883713 ] ] ] } },
{ "type": "Feature", "properties": { "fid": 422, "lot_no": null, "plot_no": null, "status": null, "full_name": null, "birth_date": null, "death_date": null, "plot_id": null, "obituary": null, "maiden_name": null }, "geometry": { "type": "Polygon", "coordinates": [ [ [ -91.294257349061539, 36.989527433674652 ], [ -91.294257727266569, 36.989513705570076 ], [ -91.294291954361086, 36.989514312323209 ], [ -91.294291576162195, 36.98952804042802 ], [ -91.294257349061539, 36.989527433674652 ] ] ] } },
{ "type": "Feature", "properties": { "fid": 423, "lot_no": null, "plot_no": null, "status": null, "full_name": null, "birth_date": null, "death_date": null, "plot_id": null, "obituary": null, "maiden_name": null }, "geometry": { "type": "Polygon", "coordinates": [ [ [ -91.294256970856296, 36.989541161779208 ], [ -91.294257349061539, 36.989527433674652 ], [ -91.294291576162195, 36.98952804042802 ], [ -91.294291197963105, 36.989541768532781 ], [ -91.294256970856296, 36.989541161779208 ] ] ] } },
{ "type": "Feature", "properties": { "fid": 424, "lot_no": null, "plot_no": null, "status": null, "full_name": null, "birth_date": null, "death_date": null, "plot_id": null, "obituary": null, "maiden_name": null }, "geometry": { "type": "Polygon", "coordinates": [ [ [ -91.294256592650839, 36.989554889883713 ], [ -91.294256970856296, 36.989541161779208 ], [ -91.294291197963105, 36.989541768532781 ], [ -91.294290819763802, 36.989555496637507 ], [ -91.294256592650839, 36.989554889883713 ] ] ] } },
{ "type": "Feature", "properties": { "fid": 425, "lot_no": null, "plot_no": null, "status": null, "full_name": "Russell, Alma Lea", "birth_date": "12/13/1934", "death_date": "12/5/2009", "plot_id": "54-4", "obituary": null, "maiden_name": "Johnston" }, "geometry": { "type": "Polygon", "coordinates": [ [ [ -91.294254748503576, 36.989629022859404 ], [ -91.294255126710098, 36.98961529475509 ], [ -91.294289353850104, 36.989615901509779 ], [ -91.294288975649721, 36.989629629614321 ], [ -91.294254748503576, 36.989629022859404 ] ] ] } },
{ "type": "Feature", "properties": { "fid": 426, "lot_no": null, "plot_no": null, "status": null, "full_name": null, "birth_date": null, "death_date": null, "plot_id": "54-5", "obituary": null, "maiden_name": null }, "geometry": { "type": "Polygon", "coordinates": [ [ [ -91.294256261328428, 36.989574110441907 ], [ -91.294255883122531, 36.989587838546335 ], [ -91.294221655995642, 36.98958723178221 ], [ -91.294222034207692, 36.989573503678002 ], [ -91.294256261328428, 36.989574110441907 ] ] ] } },
{ "type": "Feature", "properties": { "fid": 427, "lot_no": null, "plot_no": null, "status": null, "full_name": null, "birth_date": null, "death_date": null, "plot_id": "54-6", "obituary": null, "maiden_name": null }, "geometry": { "type": "Polygon", "coordinates": [ [ [ -91.294255883122531, 36.989587838546335 ], [ -91.294255504916407, 36.989601566650727 ], [ -91.294221277783379, 36.989600959886396 ], [ -91.294221655995642, 36.98958723178221 ], [ -91.294255883122531, 36.989587838546335 ] ] ] } },
{ "type": "Feature", "properties": { "fid": 428, "lot_no": null, "plot_no": null, "status": null, "full_name": null, "birth_date": null, "death_date": null, "plot_id": "54-7", "obituary": null, "maiden_name": null }, "geometry": { "type": "Polygon", "coordinates": [ [ [ -91.294255504916407, 36.989601566650727 ], [ -91.294255126710098, 36.98961529475509 ], [ -91.294220899570917, 36.989614687990532 ], [ -91.294221277783379, 36.989600959886396 ], [ -91.294255504916407, 36.989601566650727 ] ] ] } },
{ "type": "Feature", "properties": { "fid": 429, "lot_no": null, "plot_no": null, "status": null, "full_name": null, "birth_date": null, "death_date": null, "plot_id": "54-8", "obituary": null, "maiden_name": null }, "geometry": { "type": "Polygon", "coordinates": [ [ [ -91.294255126710098, 36.98961529475509 ], [ -91.294254748503576, 36.989629022859404 ], [ -91.294220521358255, 36.989628416094625 ], [ -91.294220899570917, 36.989614687990532 ], [ -91.294255126710098, 36.98961529475509 ] ] ] } },
{ "type": "Feature", "properties": { "fid": 430, "lot_no": null, "plot_no": null, "status": null, "full_name": null, "birth_date": null, "death_date": null, "plot_id": "54-1", "obituary": null, "maiden_name": null }, "geometry": { "type": "Polygon", "coordinates": [ [ [ -91.294255883122531, 36.989587838546335 ], [ -91.294256261328428, 36.989574110441907 ], [ -91.294290488449988, 36.98957471719595 ], [ -91.29429011025023, 36.989588445300605 ], [ -91.294255883122531, 36.989587838546335 ] ] ] } },
{ "type": "Feature", "properties": { "fid": 431, "lot_no": null, "plot_no": null, "status": null, "full_name": "Russell, James Michael 'Mike'", "birth_date": "12/30/1956", "death_date": "6/4/2026", "plot_id": "54-2", "obituary": null, "maiden_name": null }, "geometry": { "type": "Polygon", "coordinates": [ [ [ -91.294255504916407, 36.989601566650727 ], [ -91.294255883122531, 36.989587838546335 ], [ -91.29429011025023, 36.989588445300605 ], [ -91.294289732050274, 36.989602173405203 ], [ -91.294255504916407, 36.989601566650727 ] ] ] } },
{ "type": "Feature", "properties": { "fid": 432, "lot_no": null, "plot_no": null, "status": null, "full_name": "Russell, James Wesley", "birth_date": "8/6/1929", "death_date": "6/1/1994", "plot_id": "54-3", "obituary": null, "maiden_name": null }, "geometry": { "type": "Polygon", "coordinates": [ [ [ -91.294255126710098, 36.98961529475509 ], [ -91.294255504916407, 36.989601566650727 ], [ -91.294289732050274, 36.989602173405203 ], [ -91.294289353850104, 36.989615901509779 ], [ -91.294255126710098, 36.98961529475509 ] ] ] } },
{ "type": "Feature", "properties": { "fid": 433, "lot_no": null, "plot_no": null, "status": null, "full_name": null, "birth_date": null, "death_date": null, "plot_id": null, "obituary": null, "maiden_name": null }, "geometry": { "type": "Polygon", "coordinates": [ [ [ -91.294335320222416, 36.989449108868051 ], [ -91.294335698412652, 36.989435380762771 ], [ -91.294369925473333, 36.989435987492818 ], [ -91.294369547289222, 36.98944971559829 ], [ -91.294335320222416, 36.989449108868051 ] ] ] } },
{ "type": "Feature", "properties": { "fid": 434, "lot_no": null, "plot_no": null, "status": null, "full_name": null, "birth_date": null, "death_date": null, "plot_id": null, "obituary": null, "maiden_name": null }, "geometry": { "type": "Polygon", "coordinates": [ [ [ -91.294336832982154, 36.989394196446767 ], [ -91.294336454792528, 36.98940792455214 ], [ -91.294302227744993, 36.989407317812685 ], [ -91.294302605940743, 36.989393589707532 ], [ -91.294336832982154, 36.989394196446767 ] ] ] } },
{ "type": "Feature", "properties": { "fid": 435, "lot_no": null, "plot_no": null, "status": null, "full_name": null, "birth_date": null, "death_date": null, "plot_id": null, "obituary": null, "maiden_name": null }, "geometry": { "type": "Polygon", "coordinates": [ [ [ -91.294336454792528, 36.98940792455214 ], [ -91.294336076602704, 36.989421652657484 ], [ -91.294301849549001, 36.989421045917801 ], [ -91.294302227744993, 36.989407317812685 ], [ -91.294336454792528, 36.98940792455214 ] ] ] } },
{ "type": "Feature", "properties": { "fid": 436, "lot_no": null, "plot_no": null, "status": null, "full_name": null, "birth_date": null, "death_date": null, "plot_id": null, "obituary": null, "maiden_name": null }, "geometry": { "type": "Polygon", "coordinates": [ [ [ -91.294336076602704, 36.989421652657484 ], [ -91.294335698412652, 36.989435380762771 ], [ -91.29430147135281, 36.989434774022897 ], [ -91.294301849549001, 36.989421045917801 ], [ -91.294336076602704, 36.989421652657484 ] ] ] } },
{ "type": "Feature", "properties": { "fid": 437, "lot_no": null, "plot_no": null, "status": null, "full_name": null, "birth_date": null, "death_date": null, "plot_id": null, "obituary": null, "maiden_name": null }, "geometry": { "type": "Polygon", "coordinates": [ [ [ -91.294335698412652, 36.989435380762771 ], [ -91.294335320222416, 36.989449108868051 ], [ -91.29430109315642, 36.989448502127935 ], [ -91.29430147135281, 36.989434774022897 ], [ -91.294335698412652, 36.989435380762771 ] ] ] } },
{ "type": "Feature", "properties": { "fid": 438, "lot_no": null, "plot_no": null, "status": null, "full_name": null, "birth_date": null, "death_date": null, "plot_id": null, "obituary": null, "maiden_name": null }, "geometry": { "type": "Polygon", "coordinates": [ [ [ -91.294336454792528, 36.98940792455214 ], [ -91.294336832982154, 36.989394196446767 ], [ -91.294371060024389, 36.989394803176147 ], [ -91.294370681840903, 36.989408531281747 ], [ -91.294336454792528, 36.98940792455214 ] ] ] } },
{ "type": "Feature", "properties": { "fid": 439, "lot_no": null, "plot_no": null, "status": null, "full_name": null, "birth_date": null, "death_date": null, "plot_id": null, "obituary": null, "maiden_name": null }, "geometry": { "type": "Polygon", "coordinates": [ [ [ -91.294336076602704, 36.989421652657484 ], [ -91.294336454792528, 36.98940792455214 ], [ -91.294370681840903, 36.989408531281747 ], [ -91.294370303657203, 36.98942225938729 ], [ -91.294336076602704, 36.989421652657484 ] ] ] } },
{ "type": "Feature", "properties": { "fid": 440, "lot_no": null, "plot_no": null, "status": null, "full_name": null, "birth_date": null, "death_date": null, "plot_id": null, "obituary": null, "maiden_name": null }, "geometry": { "type": "Polygon", "coordinates": [ [ [ -91.294335698412652, 36.989435380762771 ], [ -91.294336076602704, 36.989421652657484 ], [ -91.294370303657203, 36.98942225938729 ], [ -91.294369925473333, 36.989435987492818 ], [ -91.294335698412652, 36.989435380762771 ] ] ] } },
{ "type": "Feature", "properties": { "fid": 441, "lot_no": null, "plot_no": null, "status": null, "full_name": null, "birth_date": null, "death_date": null, "plot_id": null, "obituary": null, "maiden_name": null }, "geometry": { "type": "Polygon", "coordinates": [ [ [ -91.294333399641417, 36.989509504120541 ], [ -91.29433377783262, 36.989495776015431 ], [ -91.294368004920301, 36.989496382746502 ], [ -91.294367626735252, 36.989510110851825 ], [ -91.294333399641417, 36.989509504120541 ] ] ] } },
{ "type": "Feature", "properties": { "fid": 442, "lot_no": null, "plot_no": null, "status": null, "full_name": null, "birth_date": null, "death_date": null, "plot_id": null, "obituary": null, "maiden_name": null }, "geometry": { "type": "Polygon", "coordinates": [ [ [ -91.294334912404949, 36.989454591699882 ], [ -91.294334534214386, 36.989468319805098 ], [ -91.294300307139792, 36.989467713064613 ], [ -91.294300685336509, 36.98945398495961 ], [ -91.294334912404949, 36.989454591699882 ] ] ] } },
{ "type": "Feature", "properties": { "fid": 443, "lot_no": null, "plot_no": null, "status": null, "full_name": null, "birth_date": null, "death_date": null, "plot_id": null, "obituary": null, "maiden_name": null }, "geometry": { "type": "Polygon", "coordinates": [ [ [ -91.294334534214386, 36.989468319805098 ], [ -91.294334156023595, 36.989482047910286 ], [ -91.294299928942863, 36.989481441169566 ], [ -91.294300307139792, 36.989467713064613 ], [ -91.294334534214386, 36.989468319805098 ] ] ] } },
{ "type": "Feature", "properties": { "fid": 444, "lot_no": null, "plot_no": null, "status": null, "full_name": null, "birth_date": null, "death_date": null, "plot_id": null, "obituary": null, "maiden_name": null }, "geometry": { "type": "Polygon", "coordinates": [ [ [ -91.294334156023595, 36.989482047910286 ], [ -91.29433377783262, 36.989495776015431 ], [ -91.29429955074572, 36.989495169274498 ], [ -91.294299928942863, 36.989481441169566 ], [ -91.294334156023595, 36.989482047910286 ] ] ] } },
{ "type": "Feature", "properties": { "fid": 445, "lot_no": null, "plot_no": null, "status": null, "full_name": null, "birth_date": null, "death_date": null, "plot_id": null, "obituary": null, "maiden_name": null }, "geometry": { "type": "Polygon", "coordinates": [ [ [ -91.29433377783262, 36.989495776015431 ], [ -91.294333399641417, 36.989509504120541 ], [ -91.294299172548392, 36.989508897379388 ], [ -91.29429955074572, 36.989495169274498 ], [ -91.29433377783262, 36.989495776015431 ] ] ] } },
{ "type": "Feature", "properties": { "fid": 446, "lot_no": null, "plot_no": null, "status": null, "full_name": null, "birth_date": null, "death_date": null, "plot_id": null, "obituary": null, "maiden_name": null }, "geometry": { "type": "Polygon", "coordinates": [ [ [ -91.294334534214386, 36.989468319805098 ], [ -91.294334912404949, 36.989454591699882 ], [ -91.294369139474213, 36.989455198430299 ], [ -91.294368761289775, 36.989468926535729 ], [ -91.294334534214386, 36.989468319805098 ] ] ] } },
{ "type": "Feature", "properties": { "fid": 447, "lot_no": null, "plot_no": null, "status": null, "full_name": null, "birth_date": null, "death_date": null, "plot_id": null, "obituary": null, "maiden_name": null }, "geometry": { "type": "Polygon", "coordinates": [ [ [ -91.294334156023595, 36.989482047910286 ], [ -91.294334534214386, 36.989468319805098 ], [ -91.294368761289775, 36.989468926535729 ], [ -91.294368383105137, 36.989482654641129 ], [ -91.294334156023595, 36.989482047910286 ] ] ] } },
{ "type": "Feature", "properties": { "fid": 448, "lot_no": null, "plot_no": null, "status": null, "full_name": null, "birth_date": null, "death_date": null, "plot_id": null, "obituary": null, "maiden_name": null }, "geometry": { "type": "Polygon", "coordinates": [ [ [ -91.29433377783262, 36.989495776015431 ], [ -91.294334156023595, 36.989482047910286 ], [ -91.294368383105137, 36.989482654641129 ], [ -91.294368004920301, 36.989496382746502 ], [ -91.29433377783262, 36.989495776015431 ] ] ] } },
{ "type": "Feature", "properties": { "fid": 449, "lot_no": null, "plot_no": null, "status": null, "full_name": null, "birth_date": null, "death_date": null, "plot_id": null, "obituary": null, "maiden_name": null }, "geometry": { "type": "Polygon", "coordinates": [ [ [ -91.294331515230766, 36.989569901026734 ], [ -91.294331893422907, 36.989556172921766 ], [ -91.294366120537646, 36.989556779653867 ], [ -91.294365742351658, 36.989570507759034 ], [ -91.294331515230766, 36.989569901026734 ] ] ] } },
{ "type": "Feature", "properties": { "fid": 450, "lot_no": null, "plot_no": null, "status": null, "full_name": null, "birth_date": null, "death_date": null, "plot_id": null, "obituary": null, "maiden_name": null }, "geometry": { "type": "Polygon", "coordinates": [ [ [ -91.294333027998064, 36.989514988606686 ], [ -91.294332649806549, 36.98952871671176 ], [ -91.294298422704927, 36.98952810997023 ], [ -91.294298800902595, 36.989514381865391 ], [ -91.294333027998064, 36.989514988606686 ] ] ] } },
{ "type": "Feature", "properties": { "fid": 451, "lot_no": null, "plot_no": null, "status": null, "full_name": null, "birth_date": null, "death_date": null, "plot_id": null, "obituary": null, "maiden_name": null }, "geometry": { "type": "Polygon", "coordinates": [ [ [ -91.294332649806549, 36.98952871671176 ], [ -91.29433227161482, 36.989542444816777 ], [ -91.294298044507059, 36.989541838075041 ], [ -91.294298422704927, 36.98952810997023 ], [ -91.294332649806549, 36.98952871671176 ] ] ] } },
{ "type": "Feature", "properties": { "fid": 452, "lot_no": null, "plot_no": null, "status": null, "full_name": null, "birth_date": null, "death_date": null, "plot_id": null, "obituary": null, "maiden_name": null }, "geometry": { "type": "Polygon", "coordinates": [ [ [ -91.29433227161482, 36.989542444816777 ], [ -91.294331893422907, 36.989556172921766 ], [ -91.294297666308978, 36.989555566179803 ], [ -91.294298044507059, 36.989541838075041 ], [ -91.29433227161482, 36.989542444816777 ] ] ] } },
{ "type": "Feature", "properties": { "fid": 453, "lot_no": null, "plot_no": null, "status": null, "full_name": null, "birth_date": null, "death_date": null, "plot_id": null, "obituary": null, "maiden_name": null }, "geometry": { "type": "Polygon", "coordinates": [ [ [ -91.294331893422907, 36.989556172921766 ], [ -91.294331515230766, 36.989569901026734 ], [ -91.294297288110698, 36.989569294284557 ], [ -91.294297666308978, 36.989555566179803 ], [ -91.294331893422907, 36.989556172921766 ] ] ] } },
{ "type": "Feature", "properties": { "fid": 454, "lot_no": null, "plot_no": null, "status": null, "full_name": null, "birth_date": null, "death_date": null, "plot_id": null, "obituary": null, "maiden_name": null }, "geometry": { "type": "Polygon", "coordinates": [ [ [ -91.294332649806549, 36.98952871671176 ], [ -91.294333027998064, 36.989514988606686 ], [ -91.294367255094357, 36.98951559533814 ], [ -91.294366876908995, 36.989529323443406 ], [ -91.294332649806549, 36.98952871671176 ] ] ] } },
{ "type": "Feature", "properties": { "fid": 455, "lot_no": null, "plot_no": null, "status": null, "full_name": null, "birth_date": null, "death_date": null, "plot_id": null, "obituary": null, "maiden_name": null }, "geometry": { "type": "Polygon", "coordinates": [ [ [ -91.29433227161482, 36.989542444816777 ], [ -91.294332649806549, 36.98952871671176 ], [ -91.294366876908995, 36.989529323443406 ], [ -91.29436649872342, 36.989543051548651 ], [ -91.29433227161482, 36.989542444816777 ] ] ] } },
{ "type": "Feature", "properties": { "fid": 456, "lot_no": null, "plot_no": null, "status": null, "full_name": null, "birth_date": null, "death_date": null, "plot_id": null, "obituary": null, "maiden_name": null }, "geometry": { "type": "Polygon", "coordinates": [ [ [ -91.294331893422907, 36.989556172921766 ], [ -91.29433227161482, 36.989542444816777 ], [ -91.29436649872342, 36.989543051548651 ], [ -91.294366120537646, 36.989556779653867 ], [ -91.294331893422907, 36.989556172921766 ] ] ] } },
{ "type": "Feature", "properties": { "fid": 457, "lot_no": null, "plot_no": null, "status": null, "full_name": null, "birth_date": null, "death_date": null, "plot_id": null, "obituary": null, "maiden_name": null }, "geometry": { "type": "Polygon", "coordinates": [ [ [ -91.294330049348673, 36.989630305899944 ], [ -91.294330427541681, 36.989616577795147 ], [ -91.294364654683449, 36.989617184528136 ], [ -91.294364276496609, 36.98963091263316 ], [ -91.294330049348673, 36.989630305899944 ] ] ] } },
{ "type": "Feature", "properties": { "fid": 458, "lot_no": null, "plot_no": null, "status": null, "full_name": null, "birth_date": null, "death_date": null, "plot_id": null, "obituary": null, "maiden_name": null }, "geometry": { "type": "Polygon", "coordinates": [ [ [ -91.294331562119439, 36.989575393480507 ], [ -91.294331183927056, 36.989589121585425 ], [ -91.294296956798391, 36.989588514842993 ], [ -91.294297334996912, 36.989574786738316 ], [ -91.294331562119439, 36.989575393480507 ] ] ] } },
{ "type": "Feature", "properties": { "fid": 459, "lot_no": null, "plot_no": null, "status": null, "full_name": null, "birth_date": null, "death_date": null, "plot_id": null, "obituary": null, "maiden_name": null }, "geometry": { "type": "Polygon", "coordinates": [ [ [ -91.294331183927056, 36.989589121585425 ], [ -91.294330805734461, 36.9896028496903 ], [ -91.294296578599642, 36.989602242947647 ], [ -91.294296956798391, 36.989588514842993 ], [ -91.294331183927056, 36.989589121585425 ] ] ] } },
{ "type": "Feature", "properties": { "fid": 460, "lot_no": null, "plot_no": null, "status": null, "full_name": null, "birth_date": null, "death_date": null, "plot_id": null, "obituary": null, "maiden_name": null }, "geometry": { "type": "Polygon", "coordinates": [ [ [ -91.294330805734461, 36.9896028496903 ], [ -91.294330427541681, 36.989616577795147 ], [ -91.294296200400709, 36.989615971052281 ], [ -91.294296578599642, 36.989602242947647 ], [ -91.294330805734461, 36.9896028496903 ] ] ] } },
{ "type": "Feature", "properties": { "fid": 461, "lot_no": null, "plot_no": null, "status": null, "full_name": null, "birth_date": null, "death_date": null, "plot_id": null, "obituary": null, "maiden_name": null }, "geometry": { "type": "Polygon", "coordinates": [ [ [ -91.294330427541681, 36.989616577795147 ], [ -91.294330049348673, 36.989630305899944 ], [ -91.294295822201562, 36.989629699156865 ], [ -91.294296200400709, 36.989615971052281 ], [ -91.294330427541681, 36.989616577795147 ] ] ] } },
{ "type": "Feature", "properties": { "fid": 462, "lot_no": null, "plot_no": null, "status": null, "full_name": null, "birth_date": null, "death_date": null, "plot_id": null, "obituary": null, "maiden_name": null }, "geometry": { "type": "Polygon", "coordinates": [ [ [ -91.294331183927056, 36.989589121585425 ], [ -91.294331562119439, 36.989575393480507 ], [ -91.294365789242789, 36.989576000212864 ], [ -91.294365411056546, 36.989589728317981 ], [ -91.294331183927056, 36.989589121585425 ] ] ] } },
{ "type": "Feature", "properties": { "fid": 463, "lot_no": null, "plot_no": null, "status": null, "full_name": null, "birth_date": null, "death_date": null, "plot_id": null, "obituary": null, "maiden_name": null }, "geometry": { "type": "Polygon", "coordinates": [ [ [ -91.294330805734461, 36.9896028496903 ], [ -91.294331183927056, 36.989589121585425 ], [ -91.294365411056546, 36.989589728317981 ], [ -91.294365032870104, 36.989603456423083 ], [ -91.294330805734461, 36.9896028496903 ] ] ] } },
{ "type": "Feature", "properties": { "fid": 464, "lot_no": null, "plot_no": null, "status": null, "full_name": null, "birth_date": null, "death_date": null, "plot_id": null, "obituary": null, "maiden_name": null }, "geometry": { "type": "Polygon", "coordinates": [ [ [ -91.294330427541681, 36.989616577795147 ], [ -91.294330805734461, 36.9896028496903 ], [ -91.294365032870104, 36.989603456423083 ], [ -91.294364654683449, 36.989617184528136 ], [ -91.294330427541681, 36.989616577795147 ] ] ] } },
{ "type": "Feature", "properties": { "fid": 465, "lot_no": null, "plot_no": null, "status": null, "full_name": null, "birth_date": null, "death_date": null, "plot_id": null, "obituary": null, "maiden_name": null }, "geometry": { "type": "Polygon", "coordinates": [ [ [ -91.294410620892904, 36.989450391854305 ], [ -91.294410999069612, 36.98943666374857 ], [ -91.294445226132069, 36.989437270456904 ], [ -91.294444847961486, 36.989450998562859 ], [ -91.294410620892904, 36.989450391854305 ] ] ] } },
{ "type": "Feature", "properties": { "fid": 466, "lot_no": null, "plot_no": null, "status": null, "full_name": null, "birth_date": null, "death_date": null, "plot_id": null, "obituary": null, "maiden_name": null }, "geometry": { "type": "Polygon", "coordinates": [ [ [ -91.294412133598541, 36.989395479431117 ], [ -91.294411755422445, 36.989409207536958 ], [ -91.294377528373118, 36.989408600819196 ], [ -91.294377906555368, 36.989394872713568 ], [ -91.294412133598541, 36.989395479431117 ] ] ] } },
{ "type": "Feature", "properties": { "fid": 467, "lot_no": null, "plot_no": null, "status": null, "full_name": null, "birth_date": null, "death_date": null, "plot_id": null, "obituary": null, "maiden_name": null }, "geometry": { "type": "Polygon", "coordinates": [ [ [ -91.294411755422445, 36.989409207536958 ], [ -91.294411377246135, 36.989422935642786 ], [ -91.294377150190655, 36.989422328924796 ], [ -91.294377528373118, 36.989408600819196 ], [ -91.294411755422445, 36.989409207536958 ] ] ] } },
{ "type": "Feature", "properties": { "fid": 468, "lot_no": null, "plot_no": null, "status": null, "full_name": null, "birth_date": null, "death_date": null, "plot_id": null, "obituary": null, "maiden_name": null }, "geometry": { "type": "Polygon", "coordinates": [ [ [ -91.294411377246135, 36.989422935642786 ], [ -91.294410999069612, 36.98943666374857 ], [ -91.294376772007993, 36.98943605703036 ], [ -91.294377150190655, 36.989422328924796 ], [ -91.294411377246135, 36.989422935642786 ] ] ] } },
{ "type": "Feature", "properties": { "fid": 469, "lot_no": null, "plot_no": null, "status": null, "full_name": null, "birth_date": null, "death_date": null, "plot_id": null, "obituary": null, "maiden_name": null }, "geometry": { "type": "Polygon", "coordinates": [ [ [ -91.294410999069612, 36.98943666374857 ], [ -91.294410620892904, 36.989450391854305 ], [ -91.294376393825132, 36.989449785135903 ], [ -91.294376772007993, 36.98943605703036 ], [ -91.294410999069612, 36.98943666374857 ] ] ] } },
{ "type": "Feature", "properties": { "fid": 470, "lot_no": null, "plot_no": null, "status": null, "full_name": null, "birth_date": null, "death_date": null, "plot_id": null, "obituary": null, "maiden_name": null }, "geometry": { "type": "Polygon", "coordinates": [ [ [ -91.294411755422445, 36.989409207536958 ], [ -91.294412133598541, 36.989395479431117 ], [ -91.294446360642553, 36.98939608613879 ], [ -91.294445982472595, 36.989409814244858 ], [ -91.294411755422445, 36.989409207536958 ] ] ] } },
{ "type": "Feature", "properties": { "fid": 471, "lot_no": null, "plot_no": null, "status": null, "full_name": null, "birth_date": null, "death_date": null, "plot_id": null, "obituary": null, "maiden_name": null }, "geometry": { "type": "Polygon", "coordinates": [ [ [ -91.294411377246135, 36.989422935642786 ], [ -91.294411755422445, 36.989409207536958 ], [ -91.294445982472595, 36.989409814244858 ], [ -91.294445604302439, 36.989423542350906 ], [ -91.294411377246135, 36.989422935642786 ] ] ] } },
{ "type": "Feature", "properties": { "fid": 472, "lot_no": null, "plot_no": null, "status": null, "full_name": null, "birth_date": null, "death_date": null, "plot_id": null, "obituary": null, "maiden_name": null }, "geometry": { "type": "Polygon", "coordinates": [ [ [ -91.294410999069612, 36.98943666374857 ], [ -91.294411377246135, 36.989422935642786 ], [ -91.294445604302439, 36.989423542350906 ], [ -91.294445226132069, 36.989437270456904 ], [ -91.294410999069612, 36.98943666374857 ] ] ] } },
{ "type": "Feature", "properties": { "fid": 473, "lot_no": null, "plot_no": null, "status": null, "full_name": null, "birth_date": null, "death_date": null, "plot_id": null, "obituary": null, "maiden_name": null }, "geometry": { "type": "Polygon", "coordinates": [ [ [ -91.294408700371378, 36.98951078710909 ], [ -91.294409078549052, 36.98949705900349 ], [ -91.294443305638538, 36.989497665712868 ], [ -91.294442927467017, 36.989511393818688 ], [ -91.294408700371378, 36.98951078710909 ] ] ] } },
{ "type": "Feature", "properties": { "fid": 474, "lot_no": null, "plot_no": null, "status": null, "full_name": null, "birth_date": null, "death_date": null, "plot_id": null, "obituary": null, "maiden_name": null }, "geometry": { "type": "Polygon", "coordinates": [ [ [ -91.294410213080823, 36.989455874686506 ], [ -91.294409834903774, 36.989469602792205 ], [ -91.294375607827405, 36.989468996073406 ], [ -91.294375986010607, 36.989455267967934 ], [ -91.294410213080823, 36.989455874686506 ] ] ] } },
{ "type": "Feature", "properties": { "fid": 475, "lot_no": null, "plot_no": null, "status": null, "full_name": null, "birth_date": null, "death_date": null, "plot_id": null, "obituary": null, "maiden_name": null }, "geometry": { "type": "Polygon", "coordinates": [ [ [ -91.294409834903774, 36.989469602792205 ], [ -91.294409456726513, 36.989483330897862 ], [ -91.29437522964399, 36.989482724178856 ], [ -91.294375607827405, 36.989468996073406 ], [ -91.294409834903774, 36.989469602792205 ] ] ] } },
{ "type": "Feature", "properties": { "fid": 476, "lot_no": null, "plot_no": null, "status": null, "full_name": null, "birth_date": null, "death_date": null, "plot_id": null, "obituary": null, "maiden_name": null }, "geometry": { "type": "Polygon", "coordinates": [ [ [ -91.294409456726513, 36.989483330897862 ], [ -91.294409078549052, 36.98949705900349 ], [ -91.29437485146039, 36.98949645228425 ], [ -91.29437522964399, 36.989482724178856 ], [ -91.294409456726513, 36.989483330897862 ] ] ] } },
{ "type": "Feature", "properties": { "fid": 477, "lot_no": null, "plot_no": null, "status": null, "full_name": null, "birth_date": null, "death_date": null, "plot_id": null, "obituary": null, "maiden_name": null }, "geometry": { "type": "Polygon", "coordinates": [ [ [ -91.294409078549052, 36.98949705900349 ], [ -91.294408700371378, 36.98951078710909 ], [ -91.294374473276591, 36.98951018038963 ], [ -91.29437485146039, 36.98949645228425 ], [ -91.294409078549052, 36.98949705900349 ] ] ] } },
{ "type": "Feature", "properties": { "fid": 478, "lot_no": null, "plot_no": null, "status": null, "full_name": null, "birth_date": null, "death_date": null, "plot_id": null, "obituary": null, "maiden_name": null }, "geometry": { "type": "Polygon", "coordinates": [ [ [ -91.294409834903774, 36.989469602792205 ], [ -91.294410213080823, 36.989455874686506 ], [ -91.294444440151864, 36.989456481395223 ], [ -91.294444061980954, 36.989470209501143 ], [ -91.294409834903774, 36.989469602792205 ] ] ] } },
{ "type": "Feature", "properties": { "fid": 479, "lot_no": null, "plot_no": null, "status": null, "full_name": null, "birth_date": null, "death_date": null, "plot_id": null, "obituary": null, "maiden_name": null }, "geometry": { "type": "Polygon", "coordinates": [ [ [ -91.294409456726513, 36.989483330897862 ], [ -91.294409834903774, 36.989469602792205 ], [ -91.294444061980954, 36.989470209501143 ], [ -91.294443683809845, 36.989483937607012 ], [ -91.294409456726513, 36.989483330897862 ] ] ] } },
{ "type": "Feature", "properties": { "fid": 480, "lot_no": null, "plot_no": null, "status": null, "full_name": null, "birth_date": null, "death_date": null, "plot_id": null, "obituary": null, "maiden_name": null }, "geometry": { "type": "Polygon", "coordinates": [ [ [ -91.294409078549052, 36.98949705900349 ], [ -91.294409456726513, 36.989483330897862 ], [ -91.294443683809845, 36.989483937607012 ], [ -91.294443305638538, 36.989497665712868 ], [ -91.294409078549052, 36.98949705900349 ] ] ] } },
{ "type": "Feature", "properties": { "fid": 481, "lot_no": null, "plot_no": null, "status": null, "full_name": null, "birth_date": null, "death_date": null, "plot_id": null, "obituary": null, "maiden_name": null }, "geometry": { "type": "Polygon", "coordinates": [ [ [ -91.294406816020214, 36.989571184017528 ], [ -91.294407194198826, 36.989557455912099 ], [ -91.294441421315355, 36.9895580626225 ], [ -91.294441043142882, 36.989571790728164 ], [ -91.294406816020214, 36.989571184017528 ] ] ] } },
{ "type": "Feature", "properties": { "fid": 482, "lot_no": null, "plot_no": null, "status": null, "full_name": null, "birth_date": null, "death_date": null, "plot_id": null, "obituary": null, "maiden_name": null }, "geometry": { "type": "Polygon", "coordinates": [ [ [ -91.294408328733425, 36.989516271595576 ], [ -91.294407950555438, 36.989529999701119 ], [ -91.294373723452026, 36.989529392981289 ], [ -91.294374101636166, 36.989515664875952 ], [ -91.294408328733425, 36.989516271595576 ] ] ] } },
{ "type": "Feature", "properties": { "fid": 483, "lot_no": null, "plot_no": null, "status": null, "full_name": null, "birth_date": null, "death_date": null, "plot_id": null, "obituary": null, "maiden_name": null }, "geometry": { "type": "Polygon", "coordinates": [ [ [ -91.294407950555438, 36.989529999701119 ], [ -91.294407572377224, 36.989543727806613 ], [ -91.294373345267672, 36.989543121086577 ], [ -91.294373723452026, 36.989529392981289 ], [ -91.294407950555438, 36.989529999701119 ] ] ] } },
{ "type": "Feature", "properties": { "fid": 484, "lot_no": null, "plot_no": null, "status": null, "full_name": null, "birth_date": null, "death_date": null, "plot_id": null, "obituary": null, "maiden_name": null }, "geometry": { "type": "Polygon", "coordinates": [ [ [ -91.294407572377224, 36.989543727806613 ], [ -91.294407194198826, 36.989557455912099 ], [ -91.29437296708312, 36.989556849191835 ], [ -91.294373345267672, 36.989543121086577 ], [ -91.294407572377224, 36.989543727806613 ] ] ] } },
{ "type": "Feature", "properties": { "fid": 485, "lot_no": null, "plot_no": null, "status": null, "full_name": null, "birth_date": null, "death_date": null, "plot_id": null, "obituary": null, "maiden_name": null }, "geometry": { "type": "Polygon", "coordinates": [ [ [ -91.294407194198826, 36.989557455912099 ], [ -91.294406816020214, 36.989571184017528 ], [ -91.294372588898383, 36.989570577297059 ], [ -91.29437296708312, 36.989556849191835 ], [ -91.294407194198826, 36.989557455912099 ] ] ] } },
{ "type": "Feature", "properties": { "fid": 486, "lot_no": null, "plot_no": null, "status": null, "full_name": null, "birth_date": null, "death_date": null, "plot_id": null, "obituary": null, "maiden_name": null }, "geometry": { "type": "Polygon", "coordinates": [ [ [ -91.294407950555438, 36.989529999701119 ], [ -91.294408328733425, 36.989516271595576 ], [ -91.294442555831495, 36.989516878305317 ], [ -91.294442177659661, 36.989530606411073 ], [ -91.294407950555438, 36.989529999701119 ] ] ] } },
{ "type": "Feature", "properties": { "fid": 487, "lot_no": null, "plot_no": null, "status": null, "full_name": null, "birth_date": null, "death_date": null, "plot_id": null, "obituary": null, "maiden_name": null }, "geometry": { "type": "Polygon", "coordinates": [ [ [ -91.294407572377224, 36.989543727806613 ], [ -91.294407950555438, 36.989529999701119 ], [ -91.294442177659661, 36.989530606411073 ], [ -91.294441799487601, 36.989544334516793 ], [ -91.294407572377224, 36.989543727806613 ] ] ] } },
{ "type": "Feature", "properties": { "fid": 488, "lot_no": null, "plot_no": null, "status": null, "full_name": null, "birth_date": null, "death_date": null, "plot_id": null, "obituary": null, "maiden_name": null }, "geometry": { "type": "Polygon", "coordinates": [ [ [ -91.294407194198826, 36.989557455912099 ], [ -91.294407572377224, 36.989543727806613 ], [ -91.294441799487601, 36.989544334516793 ], [ -91.294441421315355, 36.9895580626225 ], [ -91.294407194198826, 36.989557455912099 ] ] ] } },
{ "type": "Feature", "properties": { "fid": 489, "lot_no": null, "plot_no": null, "status": null, "full_name": null, "birth_date": null, "death_date": null, "plot_id": null, "obituary": null, "maiden_name": null }, "geometry": { "type": "Polygon", "coordinates": [ [ [ -91.294405350197636, 36.989631588892749 ], [ -91.2944057283771, 36.989617860787448 ], [ -91.294439955520673, 36.989618467498779 ], [ -91.294439577347347, 36.989632195604266 ], [ -91.294405350197636, 36.989631588892749 ] ] ] } },
{ "type": "Feature", "properties": { "fid": 490, "lot_no": null, "plot_no": null, "status": null, "full_name": null, "birth_date": null, "death_date": null, "plot_id": null, "obituary": null, "maiden_name": null }, "geometry": { "type": "Polygon", "coordinates": [ [ [ -91.294406862914286, 36.989576676471394 ], [ -91.294406484735433, 36.989590404576781 ], [ -91.294372257604991, 36.989589797856055 ], [ -91.294372635789998, 36.989576069750882 ], [ -91.294406862914286, 36.989576676471394 ] ] ] } },
{ "type": "Feature", "properties": { "fid": 491, "lot_no": null, "plot_no": null, "status": null, "full_name": null, "birth_date": null, "death_date": null, "plot_id": null, "obituary": null, "maiden_name": null }, "geometry": { "type": "Polygon", "coordinates": [ [ [ -91.294406484735433, 36.989590404576781 ], [ -91.29440610655638, 36.989604132682132 ], [ -91.294371879419771, 36.989603525961201 ], [ -91.294372257604991, 36.989589797856055 ], [ -91.294406484735433, 36.989590404576781 ] ] ] } },
{ "type": "Feature", "properties": { "fid": 492, "lot_no": null, "plot_no": null, "status": null, "full_name": null, "birth_date": null, "death_date": null, "plot_id": null, "obituary": null, "maiden_name": null }, "geometry": { "type": "Polygon", "coordinates": [ [ [ -91.29440610655638, 36.989604132682132 ], [ -91.2944057283771, 36.989617860787448 ], [ -91.294371501234366, 36.989617254066289 ], [ -91.294371879419771, 36.989603525961201 ], [ -91.29440610655638, 36.989604132682132 ] ] ] } },
{ "type": "Feature", "properties": { "fid": 493, "lot_no": null, "plot_no": null, "status": null, "full_name": null, "birth_date": null, "death_date": null, "plot_id": null, "obituary": null, "maiden_name": null }, "geometry": { "type": "Polygon", "coordinates": [ [ [ -91.2944057283771, 36.989617860787448 ], [ -91.294405350197636, 36.989631588892749 ], [ -91.294371123048734, 36.98963098217137 ], [ -91.294371501234366, 36.989617254066289 ], [ -91.2944057283771, 36.989617860787448 ] ] ] } },
{ "type": "Feature", "properties": { "fid": 494, "lot_no": null, "plot_no": null, "status": null, "full_name": null, "birth_date": null, "death_date": null, "plot_id": null, "obituary": null, "maiden_name": null }, "geometry": { "type": "Polygon", "coordinates": [ [ [ -91.294406484735433, 36.989590404576781 ], [ -91.294406862914286, 36.989576676471394 ], [ -91.294441090039427, 36.989577283182044 ], [ -91.294440711866699, 36.989591011287651 ], [ -91.294406484735433, 36.989590404576781 ] ] ] } },
{ "type": "Feature", "properties": { "fid": 495, "lot_no": null, "plot_no": null, "status": null, "full_name": null, "birth_date": null, "death_date": null, "plot_id": null, "obituary": null, "maiden_name": null }, "geometry": { "type": "Polygon", "coordinates": [ [ [ -91.29440610655638, 36.989604132682132 ], [ -91.294406484735433, 36.989590404576781 ], [ -91.294440711866699, 36.989591011287651 ], [ -91.2944403336938, 36.989604739393222 ], [ -91.29440610655638, 36.989604132682132 ] ] ] } },
{ "type": "Feature", "properties": { "fid": 496, "lot_no": null, "plot_no": null, "status": null, "full_name": null, "birth_date": null, "death_date": null, "plot_id": null, "obituary": null, "maiden_name": null }, "geometry": { "type": "Polygon", "coordinates": [ [ [ -91.2944057283771, 36.989617860787448 ], [ -91.29440610655638, 36.989604132682132 ], [ -91.2944403336938, 36.989604739393222 ], [ -91.294439955520673, 36.989618467498779 ], [ -91.2944057283771, 36.989617860787448 ] ] ] } }
]
}
